client_type,tenure_days,avg_order_value,order_frequency,total_orders,recency_days,repeat_purchase_propensity,industry_category,channel_type,scenario_type,engagement_score,prev_response_rate,time_trigger,prev_comm_count_channel,prev_comm_response_rate_channel,last_comm_days_channel,prev_comm_count_scenario,prev_comm_response_rate_scenario,promo_sensitivity,b2c_age,comm_time,target
B2C,609,50.68,12.07,18,24,0.2866,pet_care,messenger,promo,25.07,0.2311,0,2,0.193,9,2,0.2399,0.3919,50.0,2025-12-12 18:40:00,1
B2C,404,40.32,4.33,3,101,0.1525,fashion,messenger,promo,13.7,0.0,0,4,0.0227,5,4,0.0,0.3213,42.0,2025-09-18 17:00:00,0
B2C,364,86.58,10.99,13,93,0.1569,beauty,sms,seasonal,7.69,0.0443,1,4,0.0652,11,2,0.0,0.0741,24.0,2025-02-14 17:45:00,0
B2C,305,31.55,3.3,3,72,0.0952,fashion,email,promo,6.61,0.0,0,2,0.0211,14,1,0.0,0.3228,33.0,2025-04-23 14:20:00,0
B2C,299,85.21,7.25,3,95,0.1989,pet_care,messenger,promo,17.57,0.1118,0,2,0.2472,11,1,0.1183,0.5829,50.0,2025-11-04 13:30:00,0
B2C,553,49.04,10.28,12,65,0.1847,fashion,email,seasonal,19.82,0.1139,1,3,0.1737,25,4,0.257,0.1425,20.0,2025-07-27 11:10:00,0
B2C,143,66.04,7.42,3,0,0.1523,retail,messenger,reminder,6.17,0.0,1,2,0.0,31,4,0.0152,0.1769,49.0,2025-07-07 15:10:00,0
B2C,298,61.53,10.07,9,96,0.4455,pharma,sms,reminder,22.7,0.2194,0,1,0.2555,27,1,0.2605,0.6252,39.0,2025-05-23 16:55:00,0
B2C,397,60.87,5.9,6,90,0.2354,electronics,email,promo,10.14,0.0734,1,3,0.0423,13,1,0.0,0.7361,18.0,2025-08-25 12:40:00,0
B2B,2042,121.28,16.15,65,16,0.416,b2b_services,sms,onboarding,6.76,0.2986,0,7,0.2686,43,3,0.3077,0.1919,,2025-06-17 13:00:00,0
B2C,156,49.08,6.04,2,38,0.2911,retail,messenger,promo,37.16,0.1277,0,5,0.1136,9,1,0.1103,0.4116,48.0,2025-07-06 18:25:00,1
B2C,670,42.27,8.68,23,9,0.1899,pet_care,messenger,cross_sell,33.85,0.2279,1,3,0.2627,13,3,0.2324,0.2717,35.0,2025-12-05 15:25:00,0
B2B,566,285.55,12.34,25,0,0.1762,b2b_services,call,reactivation,6.6,0.2987,0,4,0.2603,37,2,0.102,0.3917,,2025-03-21 13:20:00,0
B2B,936,402.67,11.74,36,93,0.3241,retail,call,seasonal,11.74,0.1919,1,6,0.129,6,2,0.2313,0.8956,,2025-03-06 09:00:00,0
B2B,486,123.74,17.96,24,31,0.2816,electronics,email,seasonal,0.0,0.2571,0,7,0.2243,44,1,0.3592,0.418,,2025-07-26 12:30:00,0
B2C,272,45.71,8.11,8,22,0.1345,beauty,email,reminder,35.06,0.0,0,4,0.064,14,3,0.0,0.5452,57.0,2025-06-04 11:10:00,0
B2C,964,31.29,5.91,12,41,0.0502,fmcg,messenger,cross_sell,7.07,0.0503,1,3,0.01,4,2,0.0283,0.451,36.0,2025-01-03 13:30:00,0
B2C,901,14.8,12.07,24,22,0.2384,electronics,email,promo,46.68,0.1215,1,3,0.0247,12,5,0.1956,0.5956,28.0,2025-11-14 09:50:00,0
B2C,580,47.72,9.89,15,60,0.2833,beauty,call,promo,0.0,0.2042,1,5,0.0863,23,2,0.1444,0.3717,59.0,2025-09-30 10:40:00,1
B2C,1216,87.99,5.82,14,63,0.2438,electronics,email,promo,24.78,0.0,0,6,0.1058,17,4,0.0,0.7598,31.0,2025-06-28 11:10:00,0
B2C,45,46.38,10.4,2,10,0.3359,beauty,email,promo,48.17,0.2123,1,1,0.1477,6,3,0.2818,0.5677,32.0,2025-05-14 16:25:00,1
B2C,1157,146.88,8.04,26,90,0.1888,pet_care,email,cross_sell,0.29,0.0955,0,9,0.0567,20,3,0.0146,0.2924,35.0,2025-12-30 11:50:00,0
B2C,428,67.2,5.35,5,74,0.2466,electronics,sms,reactivation,25.75,0.0,1,4,0.1026,13,1,0.0242,0.7042,29.0,2025-11-15 14:10:00,1
B2C,192,39.16,9.04,5,38,0.1614,retail,messenger,reminder,1.68,0.1246,1,2,0.1289,26,2,0.0,0.32,54.0,2025-03-23 18:55:00,0
B2B,454,120.0,17.42,25,0,0.2952,electronics,call,reminder,6.05,0.2543,0,6,0.1641,16,5,0.2624,0.1068,,2025-12-08 10:45:00,1
B2B,1644,120.0,18.57,60,2,0.4547,b2b_services,email,promo,25.39,0.2777,0,5,0.2862,13,4,0.4825,0.4936,,2025-04-14 11:50:00,1
B2C,245,67.92,4.24,4,30,0.197,beauty,messenger,promo,24.02,0.0,1,7,0.0707,11,1,0.0,0.4788,18.0,2025-04-18 16:10:00,1
B2C,416,47.5,6.72,4,34,0.1955,home_goods,call,seasonal,0.0,0.1946,1,4,0.1468,27,1,0.1538,0.5531,42.0,2025-03-06 12:20:00,1
B2C,499,31.64,4.49,6,113,0.0641,pharma,messenger,promo,14.56,0.0,0,3,0.0,5,4,0.0,0.3886,37.0,2025-08-29 19:45:00,0
B2C,822,37.73,8.53,16,118,0.1335,home_goods,sms,reactivation,13.07,0.084,0,3,0.2096,25,5,0.0426,0.5487,29.0,2025-02-09 12:05:00,0
B2C,822,54.04,10.3,27,46,0.3003,beauty,email,loyalty,26.69,0.176,0,6,0.1792,24,2,0.0672,0.5721,42.0,2025-11-15 12:05:00,0
B2C,1319,33.75,9.06,40,12,0.3696,home_goods,email,promo,40.47,0.1872,0,7,0.2659,12,2,0.1438,0.651,47.0,2025-04-02 17:35:00,0
B2B,990,424.99,9.95,20,8,0.1692,b2b_services,email,promo,29.67,0.244,0,8,0.3526,11,1,0.3641,0.2927,,2025-12-10 10:05:00,0
B2B,1909,353.66,9.77,59,60,0.3733,retail,email,reminder,13.59,0.2356,0,3,0.1671,24,5,0.2638,0.2133,,2025-11-14 16:55:00,0
B2C,909,75.76,13.97,46,75,0.2482,fashion,sms,seasonal,23.87,0.102,0,6,0.0688,9,2,0.0,0.8713,36.0,2025-12-30 15:55:00,0
B2C,510,46.27,6.27,6,95,0.0773,electronics,sms,reactivation,1.59,0.0,0,4,0.0265,18,2,0.0,0.8902,56.0,2025-12-11 10:00:00,0
B2C,218,52.24,6.1,4,58,0.1977,electronics,messenger,onboarding,30.79,0.1585,1,3,0.1752,3,2,0.1378,0.1572,37.0,2025-09-02 11:25:00,1
B2C,397,14.81,6.06,7,0,0.2278,electronics,messenger,promo,14.4,0.1029,0,2,0.101,16,2,0.1564,0.6852,19.0,2025-10-31 16:20:00,0
B2C,561,39.9,10.52,21,47,0.3001,electronics,sms,reminder,6.48,0.0763,1,6,0.0,17,2,0.0252,0.4809,42.0,2025-04-27 17:05:00,0
B2C,747,21.43,7.05,7,77,0.1805,retail,messenger,cross_sell,19.18,0.1224,0,4,0.1369,26,3,0.3189,0.4152,50.0,2025-12-17 15:30:00,0
B2B,532,242.4,8.95,13,70,0.1548,pharma,call,promo,0.0,0.1527,0,4,0.1651,16,0,0.1739,0.8738,,2025-05-26 14:40:00,0
B2C,298,135.72,5.74,4,30,0.2029,fashion,messenger,seasonal,0.0,0.0542,1,1,0.1272,21,2,0.0126,0.0586,18.0,2025-03-14 16:15:00,0
B2C,417,33.79,5.19,7,65,0.2307,pharma,messenger,reminder,12.78,0.1153,0,3,0.1075,14,5,0.043,0.4799,46.0,2025-04-25 12:55:00,1
B2B,1362,120.06,12.14,48,11,0.3631,home_goods,call,loyalty,18.53,0.2267,0,5,0.2854,17,3,0.2333,0.6764,,2025-06-12 11:40:00,1
B2C,334,55.35,10.76,12,83,0.0967,pharma,sms,reminder,18.68,0.133,1,2,0.0,19,1,0.0579,0.3639,37.0,2025-09-23 10:10:00,1
B2C,593,20.42,5.7,11,75,0.2353,home_goods,email,seasonal,52.25,0.0,1,3,0.0942,5,1,0.0,0.4068,29.0,2025-03-20 11:25:00,0
B2C,167,35.79,10.31,5,1,0.3122,fmcg,email,loyalty,35.33,0.2401,0,2,0.2626,6,0,0.2797,0.2819,23.0,2025-08-20 16:55:00,0
B2C,454,90.26,11.41,12,54,0.2648,electronics,email,loyalty,31.67,0.206,1,2,0.2871,7,0,0.1699,0.1503,38.0,2025-12-03 09:55:00,1
B2B,456,157.91,10.05,16,60,0.1524,office_supplies,email,seasonal,27.92,0.12,1,2,0.0468,22,5,0.0,0.4524,,2025-05-02 09:00:00,0
B2B,648,353.38,12.77,22,53,0.3281,b2b_services,call,loyalty,38.53,0.2052,0,5,0.3244,22,1,0.2245,0.2541,,2025-12-28 15:35:00,0
B2B,199,128.84,7.65,5,74,0.204,b2b_services,email,promo,17.91,0.1849,0,5,0.1647,23,5,0.1095,0.5921,,2025-07-21 08:30:00,0
B2C,459,34.68,4.99,8,123,0.0976,beauty,sms,promo,14.68,0.15,0,5,0.1198,11,1,0.0791,0.3329,40.0,2025-04-28 18:55:00,0
B2C,320,37.81,8.28,10,94,0.1008,electronics,call,cross_sell,0.0,0.1307,0,2,0.0935,14,0,0.0372,0.6676,51.0,2025-12-30 10:55:00,0
B2B,1759,120.0,7.11,37,33,0.2435,office_supplies,email,seasonal,40.46,0.1828,1,6,0.1752,0,1,0.1345,0.5767,,2025-11-01 09:35:00,0
B2B,426,121.02,10.08,10,49,0.0949,office_supplies,call,reactivation,0.0,0.1001,1,4,0.2408,29,2,0.2417,0.1961,,2025-02-01 09:00:00,0
B2C,428,46.65,3.16,4,92,0.0,pharma,sms,reminder,13.96,0.1052,1,1,0.1406,13,0,0.2099,0.322,33.0,2025-07-29 16:35:00,1
B2C,464,37.28,6.5,9,116,0.2201,beauty,call,reactivation,41.49,0.1984,1,3,0.2141,5,5,0.134,0.2343,26.0,2025-12-30 12:55:00,0
B2C,496,48.07,2.63,5,99,0.0595,beauty,email,cross_sell,5.83,0.0507,0,3,0.0,18,4,0.0327,0.4948,30.0,2025-05-22 11:15:00,0
B2C,536,62.55,8.35,9,8,0.4227,beauty,sms,reactivation,37.94,0.2041,1,2,0.2387,8,2,0.2072,0.6316,33.0,2025-11-13 11:20:00,1
B2C,720,34.86,9.99,26,20,0.2451,retail,email,promo,26.92,0.1286,0,6,0.1455,23,4,0.1226,0.7107,45.0,2025-06-06 11:40:00,0
B2C,212,29.4,4.81,3,46,0.3603,retail,messenger,reactivation,24.81,0.2497,1,1,0.2143,2,0,0.0483,0.3503,42.0,2025-12-19 18:15:00,1
B2B,458,164.14,13.2,14,32,0.2231,office_supplies,email,reminder,29.43,0.2283,1,3,0.2928,7,4,0.1849,0.1272,,2025-05-27 11:05:00,0
B2C,101,99.68,4.81,2,73,0.2064,beauty,email,reminder,20.15,0.0753,1,2,0.2084,10,0,0.0084,0.355,25.0,2025-10-11 15:25:00,0
B2B,636,194.86,16.53,20,48,0.2179,electronics,email,promo,1.38,0.2295,0,4,0.2187,10,1,0.2639,0.6667,,2025-10-21 12:00:00,0
B2C,971,27.07,13.61,35,21,0.3163,beauty,messenger,loyalty,41.7,0.4344,1,4,0.308,9,3,0.3931,0.2532,39.0,2025-01-21 15:55:00,0
B2C,751,27.15,6.98,22,49,0.2339,pharma,email,seasonal,13.49,0.1379,1,4,0.1104,24,2,0.1594,0.4076,35.0,2025-11-04 17:55:00,0
B2C,315,32.25,9.42,4,126,0.2745,pharma,sms,reminder,21.07,0.0677,1,7,0.135,10,0,0.2544,0.6613,40.0,2025-07-13 12:55:00,0
B2B,619,120.0,16.94,30,26,0.2494,office_supplies,email,loyalty,25.84,0.2819,0,4,0.2723,18,1,0.1524,0.1559,,2025-04-30 11:30:00,0
B2B,242,187.35,10.9,8,82,0.1784,electronics,email,promo,19.94,0.2101,0,3,0.4033,3,2,0.2415,0.7413,,2025-02-18 08:55:00,0
B2C,91,28.08,10.37,4,34,0.2999,fashion,email,promo,48.69,0.2544,0,2,0.3192,6,4,0.3316,0.5893,27.0,2025-04-11 13:45:00,0
B2C,463,30.72,8.36,11,0,0.1643,beauty,email,reminder,17.95,0.1526,0,7,0.1278,32,2,0.1937,0.1618,34.0,2025-12-22 15:00:00,0
B2C,436,54.58,6.74,9,50,0.2164,home_goods,sms,onboarding,15.07,0.0,0,3,0.0,8,1,0.0995,0.5241,45.0,2025-04-21 14:15:00,0
B2C,157,33.12,4.7,2,47,0.0769,beauty,messenger,cross_sell,0.0,0.1159,0,0,0.0553,56,3,0.1826,0.4506,41.0,2025-11-17 19:55:00,0
B2B,1148,254.92,12.99,31,21,0.254,pharma,call,promo,45.7,0.2412,0,6,0.1293,11,4,0.2782,0.1543,,2025-10-12 10:10:00,0
B2B,912,173.0,11.59,21,0,0.3819,home_goods,email,promo,9.73,0.1567,0,6,0.1753,23,0,0.1217,0.1398,,2025-05-09 16:10:00,1
B2B,617,196.91,12.61,22,44,0.2147,electronics,call,reminder,48.41,0.1684,1,5,0.1758,2,1,0.2151,0.4063,,2025-11-23 11:30:00,0
B2C,131,62.54,8.14,3,38,0.0593,home_goods,sms,cross_sell,26.98,0.2102,1,2,0.236,24,1,0.1958,0.9713,18.0,2025-05-18 12:40:00,1
B2C,741,34.22,7.01,17,92,0.2893,retail,messenger,cross_sell,6.19,0.0,0,6,0.0,22,1,0.0106,0.5318,26.0,2025-04-12 11:20:00,0
B2C,394,39.51,8.85,9,44,0.2273,fmcg,sms,loyalty,21.7,0.1623,0,1,0.0,16,2,0.1738,0.7374,40.0,2025-11-11 10:35:00,0
B2C,46,28.03,11.55,2,46,0.2175,electronics,messenger,onboarding,28.8,0.2003,0,3,0.1144,18,1,0.1655,0.6643,37.0,2025-11-14 13:00:00,1
B2C,454,34.76,7.38,11,70,0.2431,home_goods,sms,reminder,38.8,0.1232,0,5,0.1354,17,2,0.0671,0.7024,42.0,2025-10-22 11:30:00,1
B2B,1753,193.07,8.67,34,76,0.2324,retail,call,reminder,8.49,0.1827,1,7,0.1683,25,2,0.2388,0.0755,,2025-10-10 14:45:00,0
B2C,210,36.69,2.68,1,91,0.2128,home_goods,messenger,promo,11.46,0.0,0,3,0.0,12,0,0.1364,0.4111,58.0,2025-06-13 18:10:00,0
B2C,742,66.64,10.11,21,51,0.175,fmcg,email,seasonal,20.81,0.0066,0,5,0.0084,11,3,0.0,0.177,28.0,2025-05-01 11:05:00,0
B2C,661,32.71,8.52,12,13,0.3133,fmcg,messenger,loyalty,37.23,0.0,0,3,0.0257,4,3,0.0,0.0987,41.0,2025-03-28 16:20:00,1
B2C,439,32.48,12.73,15,29,0.2539,fmcg,sms,reminder,30.41,0.216,1,3,0.216,26,1,0.1122,0.4929,22.0,2025-05-08 15:30:00,0
B2C,646,70.98,10.83,15,93,0.1212,retail,messenger,loyalty,1.43,0.0,0,7,0.12,16,2,0.0,0.1354,41.0,2025-11-18 19:05:00,0
B2B,443,424.26,11.08,16,0,0.222,pharma,email,reminder,27.55,0.0089,1,1,0.0302,3,4,0.099,0.5594,,2025-10-04 09:30:00,0
B2B,1562,120.0,11.08,37,57,0.3109,office_supplies,email,promo,15.74,0.2444,0,6,0.2513,5,1,0.2401,0.7711,,2025-10-05 10:15:00,1
B2B,875,272.22,11.37,32,16,0.167,b2b_services,messenger,cross_sell,26.58,0.2442,0,9,0.3082,8,4,0.2432,0.4039,,2025-10-31 18:25:00,1
B2C,606,73.77,4.4,6,15,0.2899,retail,messenger,cross_sell,23.95,0.2031,0,1,0.2977,2,3,0.0017,0.5813,38.0,2025-06-04 19:05:00,0
B2C,403,44.78,13.39,19,15,0.1693,pet_care,sms,seasonal,28.58,0.1268,1,3,0.3411,8,3,0.0386,0.3379,50.0,2025-05-28 12:25:00,1
B2C,572,59.16,4.11,5,97,0.0,retail,email,promo,11.74,0.0,1,1,0.0,7,5,0.0,0.4476,45.0,2025-10-23 17:40:00,1
B2C,348,58.18,3.73,2,100,0.1091,fmcg,sms,seasonal,0.0,0.0,1,3,0.0688,35,1,0.0,0.2647,21.0,2025-06-16 09:30:00,0
B2B,153,540.73,0.5,1,153,0.0,home_goods,email,reminder,0.0,0.0333,0,4,0.0399,13,2,0.0469,0.6935,,2025-08-14 11:25:00,0
B2C,66,38.97,10.3,2,66,0.1375,electronics,email,cross_sell,0.0,0.1301,0,2,0.0764,60,1,0.06,0.6477,46.0,2025-09-21 16:35:00,0
B2B,1148,511.85,18.33,59,16,0.4323,office_supplies,email,loyalty,13.39,0.3639,0,6,0.4169,20,3,0.3121,0.6402,,2025-08-20 14:50:00,1
B2C,358,23.52,8.34,9,41,0.293,electronics,email,reactivation,18.35,0.2543,0,3,0.3297,20,1,0.2056,0.3455,40.0,2025-02-27 10:15:00,0
B2C,178,21.38,3.66,3,61,0.2915,electronics,messenger,seasonal,29.83,0.0448,0,2,0.1292,4,1,0.107,0.7962,33.0,2025-04-15 10:10:00,0
B2C,339,30.84,9.28,8,13,0.3854,fashion,email,seasonal,54.64,0.1523,1,2,0.2119,1,2,0.2524,0.2934,30.0,2025-07-22 08:30:00,0
B2C,187,88.44,7.21,4,45,0.1087,electronics,email,onboarding,0.0,0.0277,0,1,0.0368,17,1,0.0036,0.7878,45.0,2025-12-01 11:20:00,0
B2C,807,22.56,5.94,12,74,0.1351,pharma,messenger,reminder,13.05,0.0792,1,5,0.0553,13,4,0.0929,0.3108,18.0,2025-04-10 11:10:00,0
B2B,479,175.0,3.14,5,89,0.0719,retail,email,cross_sell,0.0,0.0019,0,3,0.0,38,1,0.0735,0.4421,,2025-05-26 09:25:00,1
B2B,478,274.25,12.86,15,30,0.1373,electronics,email,reminder,8.59,0.1326,0,5,0.1159,19,3,0.2356,0.7019,,2025-03-28 17:55:00,0
B2C,357,48.62,10.35,13,34,0.2963,pharma,call,seasonal,29.13,0.0795,1,4,0.0684,12,1,0.0774,0.6292,25.0,2025-03-17 11:45:00,0
B2C,423,34.75,5.35,4,62,0.2421,retail,sms,reminder,33.91,0.1335,0,1,0.2184,4,1,0.0333,0.5429,42.0,2025-01-21 14:45:00,0
B2B,539,461.26,8.37,10,94,0.1011,retail,messenger,promo,27.23,0.0024,1,5,0.0,6,1,0.0,0.52,,2025-06-08 19:10:00,0
B2C,701,33.85,14.34,16,58,0.4456,beauty,sms,reminder,55.13,0.1531,1,7,0.2128,1,1,0.2253,0.679,19.0,2025-10-25 16:45:00,1
B2C,710,51.75,10.72,11,35,0.2707,home_goods,email,promo,36.75,0.2332,0,1,0.1453,19,1,0.248,0.0901,34.0,2025-11-28 10:45:00,1
B2B,2745,293.18,4.34,35,89,0.2888,home_goods,email,seasonal,16.96,0.1218,1,8,0.0,13,7,0.2204,0.4151,,2025-12-09 11:55:00,1
B2B,347,310.3,11.09,10,0,0.3225,home_goods,sms,promo,29.09,0.2628,0,5,0.2572,2,2,0.1067,0.414,,2025-10-26 12:30:00,1
B2B,443,223.43,11.3,13,0,0.1754,office_supplies,sms,cross_sell,22.36,0.2068,0,5,0.2191,15,2,0.257,0.1735,,2025-11-09 12:50:00,0
B2C,779,28.76,8.87,12,0,0.3037,pharma,messenger,reminder,39.63,0.0614,1,3,0.0363,3,5,0.0,0.0472,24.0,2025-10-19 13:10:00,0
B2C,249,31.15,2.77,2,148,0.2619,electronics,sms,seasonal,17.61,0.029,1,2,0.0,3,2,0.0209,0.5508,37.0,2025-12-16 16:25:00,1
B2B,966,145.23,8.46,32,10,0.3428,retail,sms,seasonal,6.24,0.2752,1,4,0.3621,18,2,0.3211,0.4696,,2025-09-22 11:30:00,1
B2B,462,120.0,15.62,23,36,0.2939,b2b_services,email,reactivation,29.92,0.1734,0,6,0.1176,7,1,0.2221,0.5205,,2025-11-02 11:00:00,1
B2C,713,25.08,5.35,6,95,0.0017,retail,email,seasonal,5.85,0.0,1,3,0.0,33,1,0.0497,0.3765,49.0,2025-05-27 10:50:00,0
B2C,1626,24.1,5.99,26,60,0.1557,beauty,sms,reminder,46.78,0.0535,1,7,0.0,8,4,0.0377,0.1126,41.0,2025-12-13 13:30:00,0
B2C,184,33.76,11.11,6,59,0.073,home_goods,sms,reminder,0.0,0.2176,1,4,0.154,41,1,0.2227,0.0922,18.0,2025-06-02 14:00:00,1
B2B,690,224.85,17.14,44,9,0.3479,office_supplies,messenger,loyalty,1.44,0.18,1,4,0.1297,49,1,0.055,0.6401,,2025-03-10 12:15:00,0
B2C,552,28.85,8.1,13,41,0.1508,home_goods,sms,reminder,8.06,0.1353,1,2,0.1838,23,3,0.194,0.4835,50.0,2025-07-14 11:25:00,0
B2C,221,30.72,9.79,6,46,0.2491,electronics,call,promo,23.78,0.0824,0,4,0.1372,13,2,0.0479,0.1832,30.0,2025-12-03 14:40:00,0
B2C,310,44.41,6.98,6,35,0.2534,fmcg,email,onboarding,0.0,0.0983,0,3,0.1361,31,4,0.1766,0.6801,36.0,2025-06-24 15:10:00,1
B2B,377,132.36,17.83,20,61,0.0291,office_supplies,sms,loyalty,11.05,0.2295,0,4,0.245,11,2,0.1201,0.2751,,2025-12-13 10:35:00,0
B2C,720,20.01,2.59,6,107,0.0,home_goods,email,reactivation,2.17,0.0,1,4,0.0365,27,5,0.0257,0.6292,30.0,2025-04-16 13:55:00,0
B2C,360,36.44,7.18,9,108,0.2039,pet_care,email,promo,16.03,0.0,1,3,0.0912,8,5,0.0532,0.4739,31.0,2025-03-24 10:30:00,0
B2C,287,43.71,8.66,8,83,0.1476,fmcg,messenger,promo,12.49,0.0344,0,4,0.0,14,4,0.0086,0.6687,45.0,2025-12-01 16:55:00,0
B2B,1392,274.37,18.89,68,0,0.4149,b2b_services,call,reminder,36.69,0.3394,1,7,0.3062,23,3,0.5261,0.3312,,2025-01-03 13:30:00,0
B2C,478,48.65,11.35,17,68,0.2879,pet_care,email,reminder,41.33,0.1903,1,4,0.1398,12,5,0.1785,0.7395,46.0,2025-04-30 10:35:00,0
B2C,129,31.48,5.76,4,107,0.2795,beauty,email,promo,28.08,0.0323,0,2,0.0324,17,1,0.0183,0.509,34.0,2025-01-19 10:30:00,1
B2C,639,19.79,3.31,4,60,0.3498,home_goods,sms,promo,25.61,0.2296,1,8,0.1998,11,2,0.2099,0.376,43.0,2025-01-02 14:45:00,0
B2C,1145,28.05,8.17,30,0,0.16,beauty,messenger,promo,14.91,0.1571,0,9,0.1857,26,3,0.1913,0.1941,36.0,2025-01-17 16:25:00,0
B2B,904,120.0,12.38,25,0,0.1047,b2b_services,call,promo,0.0,0.1418,0,3,0.1827,20,3,0.1295,0.4571,,2025-12-28 11:15:00,0
B2C,253,62.68,1.57,1,58,0.2289,fashion,sms,promo,11.16,0.0,1,1,0.0,10,3,0.0,0.7179,18.0,2025-08-20 09:15:00,0
B2C,415,61.15,6.06,7,121,0.0619,retail,email,seasonal,20.54,0.0,1,3,0.1504,3,1,0.1297,0.3376,31.0,2025-07-01 16:20:00,0
B2C,168,45.4,4.68,1,72,0.1348,beauty,sms,promo,19.19,0.1089,1,2,0.1878,8,3,0.0357,0.3591,54.0,2025-08-07 12:00:00,0
B2C,1023,69.93,5.74,17,99,0.0284,pet_care,sms,cross_sell,0.0,0.0037,0,3,0.0,35,2,0.0,0.1428,18.0,2025-03-04 17:50:00,0
B2C,97,35.02,6.36,1,32,0.2256,electronics,sms,reminder,29.63,0.1132,1,2,0.0879,5,4,0.2461,0.8276,43.0,2025-07-14 14:50:00,0
B2C,73,31.94,7.76,1,65,0.1548,beauty,email,seasonal,26.96,0.1675,0,1,0.1176,8,2,0.0441,0.2472,49.0,2025-01-10 11:30:00,0
B2B,380,311.15,7.13,7,18,0.2256,retail,email,promo,19.58,0.2018,0,2,0.0922,17,1,0.0,0.5726,,2025-10-04 17:10:00,0
B2C,178,40.16,12.97,5,72,0.1134,home_goods,email,reminder,7.69,0.1733,0,7,0.125,8,3,0.1874,0.4452,20.0,2025-11-11 10:50:00,0
B2C,783,36.39,8.18,19,39,0.2237,fashion,messenger,promo,31.97,0.1033,1,4,0.0652,2,2,0.0423,0.4623,48.0,2025-04-16 17:55:00,1
B2C,389,50.92,8.59,11,13,0.3656,pharma,email,promo,15.36,0.1225,1,2,0.0828,35,1,0.0328,0.8025,38.0,2025-08-07 10:20:00,0
B2C,350,72.8,10.56,7,18,0.2853,beauty,messenger,seasonal,33.04,0.1134,0,1,0.0365,4,1,0.0999,0.6348,26.0,2025-06-30 10:40:00,0
B2C,146,100.09,1.61,1,81,0.1177,fashion,sms,onboarding,23.52,0.0,1,2,0.0648,9,1,0.0,0.5361,39.0,2025-02-21 14:00:00,0
B2B,715,139.96,16.52,21,28,0.399,pharma,call,reminder,29.99,0.4593,0,6,0.4781,6,4,0.4403,0.6949,,2025-01-21 09:00:00,1
B2C,360,52.54,9.76,12,69,0.2685,retail,email,reminder,32.33,0.1775,1,3,0.1664,6,0,0.2287,0.4447,73.0,2025-05-24 10:50:00,1
B2C,638,16.38,2.16,3,85,0.1649,beauty,email,promo,4.55,0.0512,0,5,0.156,21,2,0.0116,0.145,40.0,2025-03-14 15:00:00,0
B2B,849,137.69,14.68,42,58,0.2928,home_goods,email,seasonal,29.3,0.269,0,7,0.3112,2,2,0.2686,0.4357,,2025-10-28 14:35:00,0
B2C,409,53.41,12.37,12,25,0.3256,retail,sms,seasonal,38.41,0.2094,1,4,0.23,5,2,0.15,0.1975,26.0,2025-02-05 11:25:00,1
B2C,305,26.72,8.53,9,9,0.217,fashion,email,seasonal,24.08,0.2342,1,4,0.2862,26,0,0.1832,0.2667,44.0,2025-01-12 11:30:00,1
B2B,885,169.0,14.13,32,32,0.2397,home_goods,sms,loyalty,4.45,0.2008,0,3,0.2312,22,2,0.1459,0.769,,2025-08-22 10:40:00,1
B2C,429,75.52,6.15,6,57,0.1622,retail,email,reminder,26.63,0.0646,1,4,0.1481,14,0,0.1463,0.6576,34.0,2025-01-26 12:10:00,0
B2B,349,287.14,7.1,6,54,0.0865,electronics,email,reminder,6.26,0.1039,0,4,0.1752,25,3,0.0,0.5883,,2025-05-15 10:30:00,0
B2C,782,58.56,8.78,16,105,0.3496,fmcg,sms,promo,30.8,0.083,1,5,0.0862,11,5,0.1329,0.7522,33.0,2025-07-02 15:40:00,1
B2C,463,30.41,8.7,13,0,0.2336,fashion,email,promo,2.37,0.0869,0,2,0.1899,27,3,0.0309,0.8432,38.0,2025-07-27 10:50:00,0
B2B,1199,230.08,13.87,40,10,0.3415,electronics,call,seasonal,33.33,0.2491,0,10,0.1546,14,5,0.3989,0.2448,,2025-12-15 09:20:00,0
B2B,607,261.0,8.24,17,31,0.2105,office_supplies,email,cross_sell,14.61,0.221,1,4,0.1801,20,3,0.2827,0.4567,,2025-01-15 13:55:00,1
B2C,618,50.28,8.65,14,16,0.2417,fmcg,sms,loyalty,14.34,0.1651,0,3,0.158,13,6,0.0,0.5902,50.0,2025-12-10 10:45:00,0
B2C,80,55.63,6.34,1,77,0.1744,fmcg,email,loyalty,17.66,0.0314,0,3,0.0,7,1,0.0554,0.3462,18.0,2025-08-12 10:45:00,0
B2C,391,20.73,8.22,11,86,0.0826,retail,sms,seasonal,11.4,0.0338,0,3,0.0512,20,0,0.1619,0.627,41.0,2025-07-13 13:35:00,1
B2B,736,242.76,5.75,12,93,0.0,b2b_services,email,seasonal,0.0,0.0,1,1,0.0,55,1,0.0,0.2481,,2025-08-29 08:10:00,1
B2B,594,206.04,5.9,8,27,0.2537,electronics,call,seasonal,0.63,0.1268,1,4,0.1711,18,3,0.0889,0.2555,,2025-07-29 17:55:00,0
B2B,867,197.03,14.54,21,15,0.2488,b2b_services,email,promo,38.37,0.215,0,5,0.1441,13,2,0.0682,0.656,,2025-07-29 12:10:00,1
B2C,441,28.81,4.89,6,36,0.172,retail,call,seasonal,19.85,0.0531,1,0,0.1369,25,6,0.1487,0.3135,23.0,2025-08-24 14:25:00,0
B2B,650,120.0,8.76,16,78,0.1243,electronics,sms,promo,25.19,0.2099,1,8,0.087,6,1,0.351,0.7051,,2025-09-05 10:25:00,0
B2C,148,33.26,13.27,4,27,0.2609,retail,sms,cross_sell,27.05,0.2039,0,3,0.1543,19,0,0.2967,0.7396,51.0,2025-01-07 18:30:00,1
B2C,457,112.05,1.19,2,136,0.0623,pet_care,sms,onboarding,17.92,0.0,0,3,0.0631,7,1,0.0,0.3751,39.0,2025-03-27 12:05:00,0
B2C,108,44.26,1.28,1,108,0.103,home_goods,email,reactivation,11.73,0.0,1,2,0.0,17,2,0.0114,0.6607,51.0,2025-07-29 11:20:00,0
B2B,718,289.24,7.46,12,50,0.0956,electronics,call,seasonal,11.83,0.0647,0,9,0.0646,22,3,0.0447,0.1415,,2025-12-06 17:10:00,0
B2B,401,205.04,14.74,21,62,0.2406,electronics,email,cross_sell,0.0,0.2116,0,6,0.1865,22,1,0.1646,0.6457,,2025-08-13 17:30:00,0
B2B,659,120.0,13.69,20,0,0.2894,retail,email,loyalty,14.82,0.3292,0,3,0.3354,32,1,0.3477,0.4444,,2025-07-22 15:40:00,0
B2C,664,124.48,3.97,8,56,0.1344,retail,email,promo,38.31,0.1688,0,3,0.1151,1,2,0.0785,0.458,27.0,2025-03-30 12:20:00,0
B2C,540,60.34,4.29,9,70,0.0623,fashion,email,seasonal,33.94,0.0369,1,6,0.0581,19,1,0.0531,0.1741,35.0,2025-12-29 11:45:00,0
B2B,492,564.89,12.14,18,0,0.3273,b2b_services,call,cross_sell,1.77,0.1912,0,5,0.1383,42,2,0.0758,0.1781,,2025-09-28 09:50:00,1
B2B,403,152.99,5.43,3,18,0.2225,pharma,sms,reminder,0.42,0.1418,0,4,0.2034,31,3,0.0355,0.3667,,2025-08-26 09:25:00,0
B2B,2717,321.44,18.85,104,39,0.3968,retail,email,promo,30.45,0.3046,0,10,0.2111,8,1,0.073,0.4327,,2025-09-29 10:20:00,0
B2C,325,48.66,5.08,4,17,0.2912,beauty,messenger,onboarding,22.96,0.0,1,2,0.0,11,2,0.0,0.648,30.0,2025-07-07 13:10:00,0
B2C,360,63.24,6.46,7,3,0.155,beauty,email,cross_sell,37.06,0.1277,0,3,0.209,8,2,0.0845,0.4835,25.0,2025-05-25 10:50:00,0
B2C,208,24.96,0.5,1,138,0.063,retail,email,cross_sell,0.0,0.0,0,2,0.0518,6,0,0.2058,0.229,45.0,2025-01-15 11:05:00,0
B2B,505,120.0,17.58,17,0,0.2015,home_goods,messenger,reminder,0.99,0.2771,1,2,0.1446,28,3,0.302,0.2242,,2025-07-01 11:20:00,1
B2C,391,46.06,3.49,4,114,0.0,fashion,sms,reminder,0.51,0.0476,0,5,0.1014,15,0,0.1085,0.2744,28.0,2025-10-03 10:50:00,0
B2C,648,60.71,6.83,17,87,0.2612,fmcg,sms,promo,30.21,0.0247,0,1,0.0917,5,4,0.0,0.2523,36.0,2025-10-30 10:50:00,1
B2B,641,254.89,11.41,11,76,0.0981,electronics,email,cross_sell,0.0,0.1946,1,6,0.2319,27,4,0.2078,0.5288,,2025-11-13 08:15:00,0
B2C,681,65.79,12.9,28,14,0.3071,retail,sms,loyalty,36.71,0.2122,0,4,0.115,14,1,0.1816,0.4387,34.0,2025-05-21 18:40:00,0
B2C,257,38.12,4.33,4,119,0.0,retail,messenger,promo,0.0,0.1057,1,3,0.1032,39,3,0.1674,0.7759,23.0,2025-12-11 18:45:00,0
B2C,486,25.85,4.51,5,33,0.1899,home_goods,email,promo,0.0,0.0141,0,2,0.1672,44,1,0.0,0.4346,37.0,2025-12-17 14:00:00,0
B2C,128,40.6,9.56,4,51,0.0654,beauty,email,seasonal,5.68,0.1289,1,1,0.0746,21,3,0.1263,0.5576,49.0,2025-10-15 13:30:00,1
B2B,1040,132.03,16.8,49,66,0.265,pharma,messenger,cross_sell,4.7,0.0225,0,5,0.0211,34,4,0.1475,0.7519,,2025-08-07 13:20:00,0
B2C,278,28.92,0.74,1,83,0.1719,pet_care,messenger,promo,15.54,0.0,1,2,0.0,1,2,0.0724,0.4668,33.0,2025-07-30 15:30:00,0
B2B,862,120.0,11.81,30,0,0.2791,electronics,email,loyalty,25.47,0.0409,0,7,0.064,13,5,0.109,0.452,,2025-08-10 10:25:00,0
B2B,880,232.24,12.94,29,43,0.2494,retail,call,promo,27.85,0.2046,0,1,0.2279,1,3,0.2001,0.8628,,2025-02-28 13:45:00,0
B2C,634,60.72,1.58,3,126,0.1708,beauty,sms,promo,25.65,0.1035,0,7,0.0779,8,2,0.0287,0.1918,38.0,2025-01-27 11:10:00,0
B2C,310,115.99,11.98,8,25,0.1698,fmcg,sms,reminder,18.72,0.0927,1,1,0.1299,27,0,0.1718,0.5119,38.0,2025-05-17 16:20:00,0
B2C,210,50.25,5.16,3,63,0.2301,beauty,email,promo,35.79,0.2098,0,2,0.1435,6,1,0.0686,0.627,26.0,2025-09-11 12:25:00,0
B2C,616,26.09,8.58,8,68,0.2448,home_goods,sms,promo,12.45,0.0,1,3,0.0,8,0,0.0,0.717,20.0,2025-01-01 11:55:00,0
B2C,839,29.87,8.5,25,50,0.1923,fmcg,email,reminder,0.0,0.1163,0,3,0.1664,41,5,0.0044,0.4334,21.0,2025-04-22 08:40:00,0
B2C,746,72.03,7.04,13,47,0.2773,home_goods,messenger,loyalty,31.02,0.1558,1,6,0.1615,0,3,0.0156,0.7425,27.0,2025-03-23 11:30:00,0
B2C,454,35.12,7.03,9,27,0.1553,fmcg,email,promo,0.0,0.0622,0,4,0.1438,32,0,0.0,0.7369,72.0,2025-03-28 10:15:00,0
B2C,414,115.28,5.06,4,103,0.1976,home_goods,email,cross_sell,18.26,0.0623,1,3,0.0,14,3,0.0986,0.4802,38.0,2025-10-28 12:40:00,0
B2B,1362,145.96,13.46,56,35,0.3895,office_supplies,email,promo,29.0,0.3309,0,3,0.265,10,4,0.2871,0.8085,,2025-12-11 14:50:00,1
B2C,217,28.47,11.35,5,34,0.1404,retail,call,reminder,19.97,0.1198,1,1,0.1691,15,5,0.2227,0.2448,33.0,2025-11-29 16:50:00,0
B2B,863,233.91,8.91,24,19,0.2991,pharma,email,onboarding,0.0,0.1765,1,3,0.1664,23,3,0.2003,0.5631,,2025-11-26 13:35:00,0
B2C,519,27.66,7.17,8,106,0.0265,beauty,sms,promo,8.62,0.0039,0,2,0.0342,20,1,0.0,0.6941,48.0,2025-03-16 09:30:00,0
B2C,320,54.76,7.16,6,73,0.1242,beauty,sms,onboarding,0.0,0.0706,1,3,0.0,66,0,0.2873,0.3287,48.0,2025-10-26 10:30:00,0
B2C,432,39.89,5.03,8,33,0.3049,electronics,email,reminder,13.93,0.0869,0,2,0.0609,23,4,0.0,0.3303,38.0,2025-09-11 09:55:00,0
B2B,403,120.0,7.0,10,53,0.1426,electronics,email,loyalty,10.75,0.236,0,4,0.0938,15,3,0.1406,0.252,,2025-08-17 13:10:00,0
B2B,261,224.85,9.3,5,31,0.126,electronics,messenger,cross_sell,19.98,0.1124,0,3,0.1794,20,2,0.0,0.6741,,2025-05-15 16:50:00,0
B2B,540,432.75,6.27,8,59,0.2132,office_supplies,email,reactivation,13.7,0.0,0,3,0.0,8,1,0.0,0.182,,2025-12-05 12:10:00,0
B2B,540,160.46,17.28,31,3,0.3748,retail,sms,loyalty,34.05,0.3256,0,0,0.2944,13,2,0.3553,0.8446,,2025-01-19 12:30:00,0
B2C,307,24.4,11.67,9,83,0.1354,pharma,messenger,loyalty,5.38,0.0732,0,3,0.0462,23,1,0.2646,0.6836,25.0,2025-05-02 12:50:00,0
B2C,296,70.7,10.26,7,11,0.2084,pet_care,email,reminder,32.02,0.2322,0,6,0.3111,21,1,0.0764,0.4708,30.0,2025-06-12 11:15:00,0
B2C,687,29.03,10.31,16,71,0.2724,pharma,messenger,seasonal,46.02,0.0754,1,3,0.1368,2,2,0.087,0.7199,30.0,2025-10-30 17:20:00,1
B2C,255,33.52,8.52,7,28,0.1855,home_goods,sms,promo,3.09,0.1791,1,2,0.1406,30,1,0.1259,0.5729,41.0,2025-12-01 14:55:00,0
B2B,465,288.69,14.77,18,65,0.3172,home_goods,messenger,seasonal,18.28,0.1492,0,4,0.201,5,1,0.1006,0.2683,,2025-11-18 14:15:00,0
B2C,65,67.74,6.87,3,65,0.0871,retail,email,onboarding,29.26,0.2348,0,3,0.2064,22,1,0.2605,0.1568,31.0,2025-09-23 11:10:00,0
B2B,945,205.46,10.47,17,59,0.2765,retail,email,promo,23.85,0.0,1,6,0.0,6,2,0.0,0.2067,,2025-04-03 09:10:00,0
B2C,209,62.24,7.6,4,1,0.211,retail,email,reminder,24.67,0.0803,1,1,0.0544,5,2,0.0681,0.5754,48.0,2025-10-09 11:15:00,0
B2C,321,51.04,6.77,3,26,0.297,pharma,sms,promo,25.1,0.1803,0,3,0.2631,10,2,0.175,0.4952,46.0,2025-08-10 16:55:00,1
B2C,160,55.76,11.31,7,87,0.2479,fashion,email,cross_sell,17.57,0.0984,1,1,0.0932,24,0,0.0689,0.6745,23.0,2025-01-20 12:45:00,0
B2C,489,72.62,8.62,12,61,0.0498,fmcg,messenger,loyalty,9.38,0.0,0,2,0.0,19,0,0.0066,0.5247,35.0,2025-10-07 15:30:00,0
B2C,224,73.73,7.18,6,42,0.1482,retail,email,promo,0.0,0.113,0,4,0.1939,32,3,0.0643,0.8016,46.0,2025-03-21 09:15:00,0
B2C,89,79.05,9.05,1,61,0.0661,home_goods,sms,seasonal,1.53,0.1015,0,1,0.0,36,1,0.0367,0.18,18.0,2025-06-17 16:25:00,0
B2B,806,267.16,12.11,14,96,0.1038,home_goods,email,promo,10.41,0.2558,1,1,0.2721,17,2,0.1649,0.369,,2025-03-18 09:20:00,0
B2C,251,37.39,7.91,4,103,0.2027,fmcg,email,seasonal,3.49,0.1599,0,1,0.1217,20,2,0.3052,0.6156,37.0,2025-07-01 16:00:00,0
B2B,1148,141.75,0.5,1,196,0.0,pharma,email,reactivation,2.75,0.0,1,5,0.0,12,5,0.0013,0.3971,,2025-07-06 17:50:00,0
B2C,205,41.74,10.9,3,17,0.2109,pharma,sms,seasonal,29.6,0.0396,1,1,0.0,3,2,0.0,0.2462,31.0,2025-10-13 17:25:00,0
B2C,220,53.12,8.81,6,47,0.1157,pharma,email,reminder,14.45,0.1111,1,2,0.1532,15,4,0.0734,0.5849,36.0,2025-11-25 09:10:00,1
B2C,162,59.12,9.51,5,57,0.1885,beauty,sms,promo,29.25,0.303,0,2,0.2879,7,1,0.3011,0.6934,18.0,2025-05-20 17:35:00,0
B2C,187,74.73,8.32,5,10,0.1206,electronics,call,reminder,26.84,0.1143,0,2,0.323,6,6,0.147,0.4441,43.0,2025-06-11 13:05:00,0
B2C,1021,59.19,7.44,16,52,0.2163,beauty,sms,loyalty,39.35,0.1808,0,2,0.0694,2,2,0.1455,0.8123,43.0,2025-04-12 12:25:00,1
B2C,363,44.82,5.21,6,91,0.1067,fashion,messenger,cross_sell,14.34,0.0,0,6,0.0,4,2,0.0441,0.4054,48.0,2025-01-13 11:35:00,0
B2C,106,33.02,7.57,2,57,0.2889,fashion,sms,promo,44.79,0.0599,1,1,0.0595,6,0,0.082,0.2796,23.0,2025-02-28 11:30:00,0
B2C,591,75.45,5.44,6,27,0.1244,pet_care,sms,seasonal,0.0,0.0012,0,3,0.0026,61,1,0.1284,0.1601,50.0,2025-10-23 13:20:00,0
B2C,99,37.29,7.81,2,26,0.2643,electronics,email,reminder,20.16,0.1262,1,2,0.0907,28,3,0.0268,0.9185,31.0,2025-07-13 12:40:00,1
B2B,476,173.71,8.9,11,71,0.2214,home_goods,email,seasonal,1.77,0.132,1,2,0.2412,14,1,0.0,0.259,,2025-09-07 08:50:00,1
B2C,153,35.7,5.83,3,40,0.2396,pharma,call,reminder,32.73,0.2102,0,4,0.3049,23,3,0.3179,0.6008,37.0,2025-09-11 10:35:00,0
B2C,416,141.82,10.44,11,32,0.2458,beauty,email,seasonal,5.0,0.1314,0,3,0.1919,16,2,0.1004,0.3837,39.0,2025-03-25 15:55:00,0
B2C,331,51.65,8.82,7,27,0.2044,fmcg,messenger,promo,41.26,0.0699,0,5,0.0331,4,2,0.1516,0.6466,38.0,2025-03-19 14:55:00,0
B2C,950,73.2,11.65,37,12,0.3751,fashion,sms,promo,26.93,0.2537,1,2,0.3472,30,4,0.1263,0.801,62.0,2025-07-15 17:05:00,0
B2C,606,30.94,4.63,8,0,0.2882,retail,messenger,loyalty,30.21,0.1368,0,5,0.1251,18,3,0.0557,0.4707,33.0,2025-07-13 12:25:00,1
B2B,766,120.0,11.99,27,5,0.2575,electronics,email,promo,12.81,0.1953,0,6,0.3042,9,7,0.1963,0.2939,,2025-11-22 16:00:00,1
B2C,1534,39.35,12.72,55,27,0.1288,pet_care,sms,reminder,0.0,0.2789,1,13,0.134,55,5,0.1919,0.359,18.0,2025-03-09 10:00:00,1
B2C,1032,49.91,10.74,26,68,0.2233,pet_care,messenger,loyalty,38.67,0.2629,0,5,0.1287,11,2,0.1452,0.3228,46.0,2025-03-30 10:00:00,0
B2C,389,47.76,11.17,12,5,0.1178,electronics,messenger,cross_sell,21.94,0.1964,0,2,0.2842,18,3,0.3329,0.2823,53.0,2025-02-02 15:15:00,1
B2B,3521,134.78,12.61,112,34,0.507,electronics,email,loyalty,28.62,0.2489,0,9,0.1832,9,6,0.3458,0.208,,2025-03-24 14:25:00,0
B2C,244,32.25,1.86,1,120,0.0481,fmcg,messenger,reminder,16.24,0.0,1,2,0.0856,34,2,0.1285,0.3933,44.0,2025-03-10 15:25:00,0
B2B,607,183.08,9.41,20,26,0.1443,home_goods,messenger,promo,17.65,0.2575,0,3,0.318,18,2,0.282,0.2394,,2025-07-26 12:25:00,0
B2B,1894,137.27,5.71,31,48,0.0889,electronics,call,reminder,19.37,0.2667,0,12,0.1572,19,3,0.2391,0.4829,,2025-06-17 13:30:00,0
B2C,1766,35.62,6.57,33,48,0.2749,home_goods,call,reminder,43.4,0.1125,1,5,0.1303,0,4,0.0708,0.5892,39.0,2025-05-13 16:30:00,1
B2C,249,40.62,7.77,6,1,0.1962,pharma,messenger,reminder,15.58,0.0925,1,2,0.0582,13,2,0.0,0.3422,45.0,2025-08-22 19:05:00,0
B2C,102,28.93,6.62,1,81,0.1765,fashion,call,reactivation,27.35,0.0116,1,1,0.0,24,0,0.0492,0.1395,49.0,2025-10-22 16:20:00,0
B2C,227,45.42,8.18,4,52,0.2234,fashion,email,promo,33.75,0.1035,0,2,0.042,3,2,0.0,0.499,42.0,2025-06-06 17:15:00,0
B2C,853,25.47,9.35,16,6,0.3281,fashion,call,promo,41.09,0.266,0,3,0.401,20,0,0.2698,0.3122,42.0,2025-10-16 11:55:00,0
B2B,1089,258.77,9.76,23,72,0.2832,electronics,messenger,promo,23.53,0.1917,1,4,0.2744,5,1,0.0723,0.3139,,2025-05-21 10:50:00,0
B2C,754,41.7,0.79,1,162,0.099,beauty,email,onboarding,2.28,0.0,0,6,0.0724,28,3,0.0,0.9136,30.0,2025-09-19 09:30:00,0
B2C,535,18.46,8.53,13,104,0.1812,beauty,sms,reactivation,52.09,0.2492,1,6,0.2605,11,3,0.1736,0.9117,45.0,2025-05-12 12:00:00,1
B2B,624,120.0,7.01,15,40,0.1929,office_supplies,sms,promo,1.18,0.1068,0,6,0.0137,24,4,0.1256,0.5499,,2025-11-23 11:15:00,1
B2C,1114,35.7,6.55,19,48,0.1674,home_goods,messenger,promo,28.32,0.1487,1,7,0.256,4,2,0.1449,0.6207,44.0,2025-02-28 15:40:00,1
B2B,616,245.23,13.0,19,8,0.388,home_goods,email,loyalty,45.14,0.4212,1,7,0.4546,8,5,0.438,0.3557,,2025-10-08 13:15:00,0
B2B,658,190.15,6.99,11,73,0.2473,office_supplies,messenger,loyalty,30.28,0.226,0,8,0.1997,12,2,0.2615,0.8095,,2025-11-12 17:55:00,0
B2B,763,327.07,23.23,51,0,0.2317,electronics,email,reminder,24.28,0.3674,0,7,0.2717,12,0,0.481,0.477,,2025-01-31 08:45:00,0
B2C,961,67.96,10.43,24,58,0.2184,pharma,sms,reminder,12.34,0.0721,1,1,0.2256,19,2,0.0,0.6728,41.0,2025-02-10 13:00:00,0
B2C,737,35.5,11.37,24,44,0.2331,electronics,call,cross_sell,25.11,0.2306,0,1,0.2391,26,1,0.0585,0.2536,29.0,2025-12-04 15:10:00,0
B2C,913,56.46,12.63,28,24,0.2885,electronics,messenger,reminder,19.22,0.0948,1,6,0.0608,7,4,0.0,0.1255,41.0,2025-03-09 16:55:00,0
B2B,325,120.0,11.68,10,33,0.2546,b2b_services,sms,cross_sell,37.26,0.2577,1,2,0.2786,7,1,0.3171,0.3318,,2025-11-17 18:55:00,1
B2C,142,41.32,9.28,3,70,0.1418,home_goods,email,reactivation,24.51,0.1709,0,3,0.2065,3,1,0.2632,0.351,54.0,2025-11-12 12:40:00,0
B2C,966,31.47,9.85,23,18,0.2819,retail,email,loyalty,26.26,0.1256,0,6,0.0616,5,4,0.1241,0.7231,46.0,2025-12-29 16:35:00,1
B2B,859,122.84,16.43,57,32,0.344,electronics,sms,reminder,22.99,0.1626,1,3,0.1318,6,7,0.1796,0.4419,,2025-02-21 18:00:00,1
B2C,842,30.73,0.5,2,183,0.0,beauty,sms,onboarding,0.0,0.098,1,4,0.1136,44,2,0.0916,0.469,39.0,2025-09-01 17:20:00,0
B2B,1094,187.47,12.51,31,16,0.3073,retail,email,loyalty,0.0,0.0711,0,7,0.0623,42,3,0.162,0.4927,,2025-04-16 10:55:00,1
B2C,539,60.17,5.94,9,52,0.2744,pharma,email,cross_sell,25.95,0.0,0,3,0.1626,0,4,0.0,0.5178,36.0,2025-03-18 16:15:00,0
B2C,441,64.14,8.47,6,76,0.1979,fmcg,email,reactivation,13.56,0.0421,0,4,0.0111,15,3,0.0,0.6975,41.0,2025-02-18 11:20:00,0
B2C,268,64.59,10.27,5,7,0.1851,beauty,sms,reminder,26.31,0.1946,1,0,0.4192,7,0,0.1298,0.6041,19.0,2025-10-09 15:25:00,0
B2C,264,22.25,7.91,3,28,0.0818,home_goods,messenger,promo,0.0,0.0612,1,2,0.0898,16,2,0.1345,0.1619,25.0,2025-09-04 13:55:00,0
B2C,258,120.65,7.69,1,87,0.2138,electronics,sms,promo,20.17,0.127,0,1,0.148,20,1,0.1154,0.0994,38.0,2025-08-16 11:25:00,0
B2C,848,23.04,5.16,15,87,0.1432,pharma,email,onboarding,24.11,0.1201,1,5,0.0357,6,1,0.0409,0.5724,27.0,2025-03-14 11:20:00,1
B2C,1230,28.04,4.37,18,65,0.1561,home_goods,messenger,loyalty,10.92,0.0734,0,7,0.1627,18,4,0.1103,0.4105,45.0,2025-11-07 16:35:00,0
B2C,251,73.45,10.83,8,47,0.3778,home_goods,email,reactivation,41.97,0.172,1,3,0.0942,7,3,0.0783,0.4373,40.0,2025-11-14 12:10:00,1
B2C,950,19.33,4.94,13,84,0.147,retail,email,cross_sell,17.62,0.118,0,5,0.1767,7,2,0.0974,0.3254,47.0,2025-06-28 11:15:00,0
B2C,578,23.67,4.56,7,78,0.1277,fashion,messenger,promo,18.81,0.1108,1,4,0.1232,14,3,0.0353,0.5586,41.0,2025-06-23 15:35:00,0
B2C,692,48.12,8.87,14,61,0.3176,pharma,sms,reminder,41.42,0.15,0,4,0.2163,3,4,0.076,0.4319,41.0,2025-06-25 13:30:00,1
B2C,103,37.32,6.72,2,103,0.149,fashion,call,reactivation,34.17,0.0205,1,2,0.0083,3,1,0.0129,0.3807,57.0,2025-12-13 14:30:00,0
B2C,242,19.3,3.73,2,86,0.1503,beauty,sms,promo,27.16,0.0037,0,2,0.0326,15,1,0.0314,0.6905,51.0,2025-12-28 15:00:00,0
B2C,425,29.32,3.58,3,106,0.139,electronics,sms,reactivation,16.16,0.0225,1,1,0.0844,6,2,0.0,0.2626,52.0,2025-07-22 13:40:00,0
B2C,805,40.24,5.63,11,28,0.2961,fmcg,sms,promo,36.3,0.1865,0,3,0.2312,10,2,0.3223,0.1589,40.0,2025-01-20 09:15:00,1
B2C,430,38.76,11.04,13,0,0.3369,fashion,messenger,promo,37.58,0.1795,0,8,0.1268,25,1,0.251,0.8985,27.0,2025-07-23 19:00:00,1
B2C,453,48.34,12.4,10,58,0.1382,retail,sms,cross_sell,3.88,0.1431,0,4,0.2321,34,2,0.0167,0.1366,30.0,2025-09-17 16:15:00,0
B2C,804,49.32,6.64,15,24,0.2319,fashion,email,cross_sell,0.0,0.0597,0,5,0.0632,26,3,0.0443,0.3744,35.0,2025-05-02 08:10:00,1
B2B,453,441.15,14.68,15,70,0.2022,retail,call,onboarding,21.88,0.2813,0,5,0.34,15,1,0.3379,0.5892,,2025-04-05 16:45:00,0
B2C,1056,79.29,10.94,34,62,0.3359,retail,email,loyalty,40.55,0.331,0,6,0.3413,12,2,0.3718,0.533,50.0,2025-02-22 11:20:00,0
B2C,376,59.84,10.04,12,50,0.2806,fashion,email,reactivation,41.83,0.2245,0,7,0.1036,11,2,0.3015,0.6637,39.0,2025-08-14 11:45:00,1
B2C,62,40.14,8.12,1,25,0.1558,fashion,sms,reminder,17.08,0.1644,1,5,0.1381,36,0,0.1119,0.1042,55.0,2025-10-16 15:50:00,1
B2C,492,63.49,7.66,14,26,0.2026,electronics,messenger,cross_sell,23.59,0.0848,0,2,0.0232,21,4,0.1087,0.449,33.0,2025-10-26 10:15:00,0
B2C,1239,76.28,11.27,29,44,0.1905,beauty,sms,reminder,30.79,0.1789,1,3,0.1881,21,3,0.32,0.4747,28.0,2025-07-17 11:20:00,0
B2B,1198,207.21,22.15,82,39,0.4747,b2b_services,email,cross_sell,52.5,0.3373,0,3,0.274,8,3,0.324,0.4678,,2025-04-21 08:30:00,1
B2C,468,17.57,11.17,21,44,0.2645,electronics,email,cross_sell,41.49,0.0619,0,0,0.0729,4,2,0.1335,0.7837,18.0,2025-12-01 12:50:00,0
B2C,689,63.63,8.43,12,70,0.1306,pharma,email,loyalty,5.21,0.1174,0,2,0.1347,18,2,0.1039,0.3529,47.0,2025-02-23 15:30:00,0
B2C,191,54.43,7.88,1,73,0.2453,fmcg,email,onboarding,23.14,0.1268,1,5,0.0611,8,3,0.083,0.1599,28.0,2025-06-28 16:15:00,0
B2B,830,369.21,10.47,26,34,0.3242,retail,email,cross_sell,9.64,0.1139,1,7,0.0679,15,5,0.2358,0.2985,,2025-11-05 15:05:00,1
B2C,700,31.47,10.01,24,0,0.3251,electronics,email,loyalty,39.46,0.194,1,5,0.3066,14,3,0.1112,0.1898,24.0,2025-08-17 13:15:00,0
B2C,626,52.7,7.82,16,70,0.0959,beauty,sms,reactivation,18.84,0.1189,1,1,0.0,10,4,0.2722,0.1703,35.0,2025-02-01 14:40:00,0
B2C,258,60.39,4.41,3,80,0.2864,retail,sms,promo,19.77,0.0312,1,4,0.0523,4,2,0.1412,0.5529,59.0,2025-12-29 18:00:00,0
B2C,1220,12.0,10.22,39,0,0.3209,beauty,email,promo,44.75,0.3051,0,10,0.1995,9,3,0.4366,0.5508,35.0,2025-07-27 10:40:00,1
B2C,70,55.76,9.88,2,0,0.221,beauty,email,loyalty,26.33,0.1603,0,2,0.1706,14,1,0.3026,0.5167,57.0,2025-01-14 12:25:00,0
B2C,379,96.56,7.72,6,52,0.1892,retail,email,loyalty,15.87,0.111,1,5,0.0923,28,1,0.1337,0.5143,28.0,2025-03-28 16:25:00,0
B2C,479,92.26,7.23,6,70,0.1912,retail,email,seasonal,14.65,0.0456,1,4,0.1235,17,4,0.0,0.5184,26.0,2025-11-12 15:20:00,0
B2B,772,210.18,16.93,29,10,0.3576,b2b_services,call,reminder,19.82,0.3147,0,3,0.2522,8,3,0.4105,0.3195,,2025-01-29 11:30:00,0
B2B,376,223.83,11.45,9,80,0.3288,home_goods,email,promo,53.37,0.3557,0,4,0.3381,2,1,0.2016,0.4661,,2025-08-01 10:20:00,0
B2C,233,67.3,11.54,5,0,0.403,home_goods,sms,promo,29.07,0.1365,1,3,0.0427,8,0,0.247,0.6414,25.0,2025-05-25 13:10:00,0
B2B,756,216.52,10.3,15,26,0.1429,home_goods,sms,loyalty,19.25,0.1176,0,7,0.0645,20,3,0.1942,0.651,,2025-03-11 11:35:00,0
B2B,530,120.0,8.65,14,23,0.2509,pharma,messenger,reminder,7.27,0.1534,1,8,0.0864,27,0,0.1376,0.4376,,2025-05-14 19:10:00,0
B2B,816,236.03,12.96,23,31,0.2953,pharma,email,reactivation,25.84,0.1159,1,5,0.0933,13,4,0.2227,0.7328,,2025-01-09 08:50:00,1
B2C,65,17.24,11.17,2,36,0.1217,pharma,email,reminder,2.83,0.08,1,2,0.0919,39,0,0.1361,0.8679,37.0,2025-02-18 17:45:00,0
B2B,1695,130.7,12.06,79,67,0.3828,office_supplies,sms,loyalty,23.6,0.1984,0,9,0.1802,8,2,0.1925,0.2311,,2025-11-26 15:20:00,1
B2C,463,75.96,6.79,8,81,0.2017,beauty,sms,promo,32.31,0.1483,0,2,0.1826,20,2,0.0898,0.1525,33.0,2025-12-12 15:00:00,0
B2B,850,177.27,13.22,30,34,0.3738,electronics,sms,loyalty,20.14,0.3732,0,6,0.2243,28,1,0.3757,0.7932,,2025-07-13 17:30:00,1
B2C,631,39.82,6.37,16,63,0.1442,fashion,sms,promo,0.0,0.0926,1,3,0.0888,19,0,0.1949,0.4156,42.0,2025-09-25 13:30:00,0
B2C,427,36.66,7.74,10,66,0.1829,fashion,email,promo,23.89,0.0679,1,1,0.1308,8,1,0.1252,0.5474,18.0,2025-10-19 11:55:00,0
B2C,301,51.44,9.29,6,31,0.1901,pet_care,messenger,reactivation,9.49,0.0445,1,4,0.0,36,2,0.0816,0.1412,29.0,2025-09-07 14:40:00,0
B2B,405,168.0,14.93,14,3,0.1224,b2b_services,sms,loyalty,28.88,0.0988,0,7,0.0746,2,2,0.0,0.2126,,2025-11-10 14:20:00,0
B2B,1288,282.67,13.64,48,25,0.1224,home_goods,email,loyalty,0.0,0.2143,0,13,0.1438,19,1,0.1628,0.0603,,2025-12-11 09:20:00,0
B2B,623,263.05,16.56,29,68,0.3029,b2b_services,messenger,onboarding,0.57,0.3237,1,9,0.3585,31,2,0.4425,0.2546,,2025-08-24 14:30:00,0
B2B,245,153.55,13.68,14,30,0.1289,pharma,email,promo,15.04,0.2739,0,3,0.3531,20,3,0.1824,0.238,,2025-01-02 11:20:00,1
B2C,578,37.12,2.65,5,106,0.1569,retail,messenger,reactivation,34.12,0.0,1,4,0.0,6,3,0.0,0.4532,39.0,2025-05-07 13:15:00,1
B2C,325,46.54,11.36,12,85,0.1647,retail,sms,promo,25.76,0.1398,0,0,0.1787,17,1,0.1437,0.121,45.0,2025-09-27 16:20:00,0
B2B,491,217.98,15.2,21,0,0.2847,office_supplies,call,seasonal,20.83,0.298,1,5,0.3127,17,4,0.2624,0.3135,,2025-04-18 16:25:00,0
B2C,351,28.0,0.5,1,171,0.0,retail,messenger,reminder,0.0,0.0,1,1,0.0934,26,1,0.0,0.4348,27.0,2025-02-24 11:10:00,0
B2B,620,197.4,20.08,36,0,0.188,office_supplies,email,loyalty,21.66,0.2293,0,7,0.2844,10,4,0.252,0.5796,,2025-12-16 15:30:00,0
B2C,375,21.31,8.51,9,5,0.2362,pharma,sms,loyalty,0.0,0.0,0,1,0.0776,32,4,0.1473,0.2579,19.0,2025-06-05 15:10:00,0
B2B,1001,185.19,20.54,32,7,0.3499,pharma,email,cross_sell,32.59,0.2996,0,3,0.1887,5,1,0.2371,0.511,,2025-04-25 15:00:00,0
B2C,1432,28.06,14.09,62,39,0.2702,pharma,messenger,loyalty,26.91,0.2131,0,3,0.2124,10,5,0.2182,0.5968,34.0,2025-02-11 17:45:00,0
B2B,1056,152.69,6.22,21,14,0.2496,home_goods,email,promo,0.0,0.2262,1,5,0.2963,34,2,0.1896,0.3024,,2025-09-11 12:20:00,0
B2B,546,152.79,10.03,17,74,0.1777,retail,email,reminder,28.64,0.1532,1,6,0.1218,9,1,0.2069,0.5679,,2025-09-03 13:45:00,1
B2C,398,33.03,7.78,10,57,0.2226,home_goods,email,reminder,39.5,0.168,1,2,0.2514,30,1,0.1371,0.1565,41.0,2025-06-29 08:00:00,0
B2B,630,355.75,16.94,15,41,0.1992,b2b_services,call,promo,11.74,0.1841,1,6,0.2341,17,1,0.3006,0.8038,,2025-01-17 09:00:00,1
B2B,277,247.05,7.3,5,49,0.1328,electronics,email,seasonal,0.0,0.0,1,3,0.0505,32,1,0.0,0.2455,,2025-05-25 09:30:00,0
B2B,646,140.91,13.22,19,44,0.1389,home_goods,sms,cross_sell,7.32,0.063,0,5,0.1045,15,4,0.1472,0.3232,,2025-05-26 10:00:00,0
B2B,966,120.0,0.5,1,246,0.0148,office_supplies,email,reminder,0.0,0.0,0,7,0.1452,25,4,0.0,0.3502,,2025-04-30 10:45:00,0
B2C,403,65.85,12.84,9,16,0.3447,beauty,sms,cross_sell,59.39,0.2659,1,4,0.2778,2,5,0.2868,0.4162,47.0,2025-08-08 14:25:00,0
B2B,564,472.48,14.51,24,0,0.2183,b2b_services,messenger,reminder,22.58,0.2296,0,1,0.2644,17,2,0.1435,0.2615,,2025-01-22 19:40:00,0
B2C,232,42.74,9.01,6,24,0.1077,electronics,messenger,seasonal,1.55,0.0793,1,1,0.1204,27,2,0.1229,0.0919,35.0,2025-05-23 19:40:00,0
B2B,693,224.9,10.85,14,59,0.351,electronics,email,seasonal,22.84,0.0885,1,5,0.1808,22,1,0.0617,0.1082,,2025-09-28 16:00:00,0
B2C,1290,63.47,7.86,25,80,0.1585,electronics,messenger,promo,25.3,0.1924,0,4,0.1979,5,3,0.266,0.5313,27.0,2025-05-11 13:50:00,1
B2B,296,217.48,12.77,11,23,0.2299,office_supplies,call,reminder,10.44,0.1534,0,2,0.2764,7,2,0.1407,0.6696,,2025-03-07 10:10:00,0
B2C,458,74.92,7.02,11,87,0.0598,pharma,sms,promo,36.72,0.0974,0,3,0.0564,23,3,0.0,0.7568,18.0,2025-01-07 12:35:00,1
B2C,699,84.68,7.74,18,64,0.036,beauty,messenger,cross_sell,0.0,0.053,1,5,0.0504,27,2,0.0739,0.4956,62.0,2025-05-11 13:05:00,0
B2C,332,49.82,5.65,6,23,0.141,electronics,sms,loyalty,26.54,0.1758,1,2,0.2126,3,2,0.0426,0.3088,19.0,2025-06-19 16:50:00,0
B2C,937,39.58,5.36,11,10,0.1725,fmcg,sms,promo,31.91,0.0652,0,3,0.0244,13,2,0.0,0.4831,38.0,2025-08-04 13:05:00,0
B2C,184,36.06,8.4,3,0,0.2898,fashion,email,promo,34.27,0.1035,0,3,0.2371,8,4,0.1756,0.3127,25.0,2025-11-14 09:50:00,0
B2C,556,43.51,4.11,8,69,0.2239,fashion,email,cross_sell,31.35,0.0,0,4,0.0,1,1,0.0846,0.5246,37.0,2025-06-17 15:25:00,0
B2C,946,46.11,0.5,1,206,0.1137,electronics,email,reminder,16.29,0.0,1,2,0.0192,5,1,0.0,0.5486,18.0,2025-07-05 13:35:00,0
B2B,1412,238.57,14.45,47,0,0.3818,home_goods,call,cross_sell,21.24,0.2208,1,5,0.0656,1,3,0.1535,0.0614,,2025-04-07 10:20:00,1
B2B,861,140.2,14.03,39,37,0.2652,electronics,sms,cross_sell,21.94,0.1399,0,5,0.1527,12,3,0.1635,0.8544,,2025-01-28 11:30:00,1
B2C,456,19.43,6.41,7,57,0.1594,electronics,email,reminder,6.81,0.0,0,2,0.0173,7,1,0.0,0.7213,40.0,2025-06-25 15:10:00,1
B2C,403,107.91,2.63,4,103,0.1358,fmcg,email,promo,15.88,0.0261,0,0,0.0,8,5,0.0,0.3551,29.0,2025-01-19 09:35:00,0
B2B,789,165.32,13.43,26,25,0.3027,retail,email,reminder,26.4,0.1452,1,6,0.1235,14,1,0.2287,0.5181,,2025-04-27 12:25:00,0
B2C,184,43.53,9.33,5,120,0.0,fashion,messenger,promo,0.0,0.0472,1,4,0.0,41,0,0.0,0.6727,37.0,2025-04-12 12:40:00,0
B2C,506,62.03,4.27,3,59,0.1088,retail,sms,promo,6.4,0.0,0,3,0.0,22,1,0.0,0.1028,56.0,2025-12-29 17:45:00,0
B2C,375,110.26,9.88,14,70,0.2509,fashion,email,cross_sell,14.18,0.0676,0,3,0.1241,32,0,0.194,0.4937,52.0,2025-05-17 15:30:00,1
B2C,386,39.44,10.06,10,44,0.0,pet_care,sms,promo,15.96,0.0606,1,4,0.0087,30,2,0.1406,0.7099,18.0,2025-06-07 18:35:00,0
B2C,386,34.2,5.84,7,41,0.2254,beauty,email,reminder,27.43,0.0573,1,3,0.0817,10,5,0.0262,0.497,55.0,2025-10-11 17:35:00,1
B2C,261,34.18,5.43,5,46,0.2092,fmcg,messenger,seasonal,14.34,0.019,1,1,0.0606,18,1,0.1228,0.2379,18.0,2025-09-30 15:10:00,0
B2B,1006,120.0,7.13,23,11,0.1501,retail,email,promo,18.04,0.0821,0,4,0.0974,13,9,0.0446,0.7981,,2025-01-09 13:15:00,0
B2B,741,837.17,8.37,20,25,0.1691,pharma,email,promo,34.7,0.1209,1,3,0.0782,12,0,0.1683,0.433,,2025-10-02 12:15:00,0
B2C,508,33.44,9.27,11,112,0.1285,pharma,messenger,cross_sell,0.0,0.1399,0,5,0.1843,48,4,0.0578,0.3104,47.0,2025-04-22 16:30:00,0
B2C,421,36.63,4.71,8,147,0.0382,fmcg,call,promo,0.0,0.0,1,1,0.0,37,2,0.1453,0.5153,59.0,2025-08-23 16:35:00,0
B2C,245,82.53,9.81,6,54,0.2184,beauty,email,cross_sell,19.64,0.012,0,3,0.0972,9,0,0.0,0.694,22.0,2025-03-10 14:20:00,1
B2B,1138,430.08,15.08,31,17,0.1638,electronics,email,reminder,20.7,0.1239,1,6,0.1424,6,2,0.1636,0.4045,,2025-03-18 08:30:00,0
B2B,725,120.33,15.22,25,3,0.369,b2b_services,sms,cross_sell,24.93,0.2148,1,3,0.246,2,3,0.0927,0.4188,,2025-06-02 09:45:00,0
B2B,1510,120.0,16.54,50,0,0.4264,retail,call,onboarding,15.08,0.3122,1,4,0.3825,15,6,0.2106,0.1689,,2025-04-16 17:45:00,1
B2B,279,380.39,12.51,8,27,0.1181,office_supplies,email,promo,1.17,0.215,1,6,0.0279,31,1,0.1767,0.4578,,2025-01-23 11:15:00,0
B2C,399,19.65,2.99,4,61,0.1071,fashion,email,reminder,10.61,0.0838,0,1,0.0814,18,1,0.1205,0.3655,40.0,2025-08-22 15:05:00,0
B2C,994,54.02,4.6,11,55,0.1393,home_goods,email,promo,23.48,0.027,0,4,0.0,10,5,0.0564,0.4186,36.0,2025-12-04 14:30:00,0
B2C,154,33.33,6.08,2,55,0.2519,beauty,email,promo,11.75,0.0812,0,3,0.0,16,0,0.1182,0.18,60.0,2025-09-07 11:40:00,0
B2C,310,28.33,4.3,5,122,0.039,electronics,email,seasonal,13.15,0.0256,1,1,0.1624,17,2,0.1588,0.7397,30.0,2025-03-29 12:05:00,0
B2C,235,24.66,5.61,2,90,0.1775,pet_care,call,promo,27.54,0.0742,0,0,0.0922,22,1,0.1771,0.2999,40.0,2025-10-07 15:45:00,0
B2B,1258,297.34,9.7,21,93,0.2355,home_goods,messenger,onboarding,27.09,0.0695,1,7,0.1223,19,7,0.0,0.393,,2025-08-11 13:10:00,0
B2B,1328,437.92,12.14,49,55,0.2596,b2b_services,call,cross_sell,5.13,0.3024,0,4,0.334,14,5,0.4439,0.3155,,2025-08-17 15:45:00,0
B2C,851,50.98,5.46,11,34,0.2054,pet_care,email,seasonal,25.33,0.1606,1,4,0.1449,14,4,0.4089,0.2479,53.0,2025-03-23 09:40:00,0
B2B,300,120.0,5.73,5,84,0.1704,b2b_services,email,promo,13.21,0.0505,0,3,0.0058,10,5,0.0,0.5293,,2025-06-07 11:45:00,0
B2B,681,297.83,10.73,18,72,0.2092,b2b_services,email,reminder,7.28,0.1033,1,4,0.2235,10,3,0.1334,0.7279,,2025-10-30 10:20:00,0
B2C,849,16.82,8.61,29,0,0.2542,fmcg,email,loyalty,15.17,0.189,0,4,0.2153,27,3,0.0891,0.5572,53.0,2025-10-01 17:00:00,0
B2C,627,76.97,5.62,10,66,0.2292,fashion,messenger,reactivation,11.49,0.2222,1,6,0.2309,31,1,0.3101,0.4665,28.0,2025-07-09 14:35:00,0
B2C,768,33.9,1.78,3,84,0.1877,home_goods,email,reminder,22.07,0.1886,1,4,0.1803,8,2,0.0549,0.6365,39.0,2025-06-21 12:35:00,0
B2B,603,120.0,12.03,21,0,0.1698,electronics,messenger,loyalty,10.96,0.2013,0,5,0.2156,20,1,0.1792,0.3686,,2025-03-03 18:10:00,0
B2C,237,57.63,6.3,6,94,0.0942,fmcg,messenger,promo,19.36,0.0692,0,4,0.1493,8,0,0.0,0.6243,24.0,2025-01-23 15:45:00,0
B2B,929,149.58,20.32,62,26,0.3804,home_goods,email,seasonal,30.92,0.5242,1,5,0.55,25,2,0.6024,0.5515,,2025-04-20 17:05:00,1
B2C,343,70.27,8.95,9,4,0.2807,pet_care,email,reminder,5.86,0.2087,1,1,0.194,36,4,0.1568,0.1424,39.0,2025-01-16 13:25:00,0
B2C,574,57.14,6.67,12,93,0.1054,retail,sms,cross_sell,31.46,0.1086,0,5,0.2225,13,4,0.1348,0.7868,28.0,2025-09-08 12:10:00,0
B2C,640,39.2,9.87,17,32,0.2561,home_goods,sms,loyalty,34.06,0.1531,1,3,0.1239,3,1,0.114,0.4194,64.0,2025-04-30 16:00:00,0
B2C,479,44.45,4.9,7,44,0.2135,retail,sms,promo,21.92,0.0,1,2,0.0,6,2,0.0,0.5442,33.0,2025-11-23 18:30:00,0
B2C,88,75.77,3.85,1,88,0.12,beauty,sms,reminder,0.0,0.0958,1,0,0.1075,42,1,0.1503,0.3984,62.0,2025-09-28 11:30:00,0
B2B,826,287.66,11.6,20,95,0.2304,b2b_services,email,loyalty,12.68,0.1296,0,3,0.1301,20,3,0.0308,0.508,,2025-03-05 14:35:00,0
B2B,564,135.41,15.92,14,65,0.2233,office_supplies,call,seasonal,0.0,0.1932,1,6,0.2492,77,2,0.2187,0.264,,2025-05-23 17:25:00,0
B2B,324,120.0,14.19,15,21,0.2755,electronics,email,reminder,3.8,0.2655,1,2,0.2261,34,3,0.0795,0.165,,2025-10-18 13:25:00,0
B2C,390,43.35,0.83,1,191,0.0791,fashion,sms,promo,14.58,0.0,1,3,0.0,9,1,0.0064,0.5802,38.0,2025-05-06 13:40:00,0
B2C,486,115.35,3.2,3,120,0.0,pet_care,messenger,promo,0.0,0.0,0,2,0.0,17,3,0.0,0.3628,18.0,2025-09-22 18:45:00,0
B2C,1490,65.09,8.4,43,32,0.1926,retail,email,reminder,22.89,0.1922,1,4,0.1469,5,2,0.1938,0.3623,21.0,2025-03-18 11:35:00,1
B2C,666,38.79,10.35,14,42,0.27,fashion,messenger,loyalty,14.94,0.1841,0,4,0.1435,14,3,0.2067,0.0971,19.0,2025-04-28 13:30:00,1
B2C,280,36.43,5.78,3,78,0.2116,retail,email,reactivation,20.24,0.099,0,2,0.0965,9,1,0.1013,0.3586,40.0,2025-02-11 17:10:00,0
B2B,1477,129.74,9.66,53,28,0.2589,home_goods,call,loyalty,13.14,0.1615,1,8,0.2484,18,4,0.2029,0.3315,,2025-01-10 11:40:00,1
B2C,456,46.4,4.92,8,77,0.0108,pharma,email,reactivation,0.0,0.0699,1,5,0.0,13,1,0.0029,0.6846,30.0,2025-04-23 10:15:00,0
B2C,155,41.18,13.71,5,38,0.1894,pharma,email,reactivation,7.78,0.0251,0,2,0.0,9,1,0.0,0.1033,23.0,2025-12-18 09:35:00,0
B2C,481,76.08,16.59,21,30,0.3162,fmcg,sms,loyalty,26.5,0.2976,0,3,0.2882,13,2,0.3533,0.6583,62.0,2025-05-30 17:55:00,0
B2B,812,129.76,15.54,34,47,0.1226,retail,email,cross_sell,29.36,0.2875,0,7,0.2407,4,3,0.3238,0.2641,,2025-04-26 10:30:00,0
B2C,608,21.69,8.27,16,49,0.2384,retail,messenger,seasonal,0.0,0.075,0,6,0.0911,66,3,0.1132,0.5035,22.0,2025-07-12 19:05:00,0
B2B,974,120.0,17.48,47,31,0.2893,retail,email,cross_sell,2.24,0.1972,1,9,0.2878,39,3,0.2116,0.3046,,2025-02-24 10:40:00,0
B2B,996,133.83,10.8,44,7,0.2354,electronics,sms,reminder,30.82,0.2289,1,2,0.2606,15,3,0.2076,0.6176,,2025-01-28 12:15:00,0
B2C,749,37.91,9.96,27,20,0.2602,pet_care,email,onboarding,22.99,0.1831,0,4,0.3205,14,2,0.1278,0.6076,24.0,2025-03-30 11:45:00,0
B2B,430,127.26,11.13,14,4,0.0627,electronics,email,cross_sell,9.74,0.1487,0,3,0.3041,44,2,0.2161,0.5521,,2025-08-15 10:45:00,0
B2C,1167,14.98,3.91,12,46,0.1499,electronics,sms,cross_sell,9.82,0.0171,0,8,0.0,14,2,0.0,0.6924,33.0,2025-07-28 14:05:00,0
B2C,193,35.81,9.06,3,38,0.1012,electronics,sms,promo,7.74,0.145,0,1,0.1313,20,0,0.188,0.4598,46.0,2025-08-21 16:30:00,0
B2C,424,43.38,9.63,9,55,0.1332,retail,sms,promo,11.86,0.1358,0,0,0.1669,28,1,0.2578,0.4377,36.0,2025-03-20 13:05:00,0
B2C,369,102.05,8.81,11,93,0.1913,home_goods,messenger,reminder,9.9,0.261,1,2,0.1886,42,1,0.3672,0.2628,42.0,2025-05-08 16:20:00,1
B2C,497,60.18,6.86,9,55,0.2224,retail,email,promo,39.99,0.0774,0,3,0.0477,4,3,0.0372,0.4217,40.0,2025-09-19 10:25:00,0
B2C,482,37.03,6.63,9,37,0.2351,retail,email,cross_sell,8.2,0.0157,0,5,0.0,16,1,0.005,0.6775,34.0,2025-07-28 12:50:00,0
B2B,1055,142.03,12.06,34,75,0.1826,b2b_services,sms,reminder,1.23,0.2078,0,5,0.0956,21,4,0.105,0.2673,,2025-05-16 11:45:00,1
B2C,335,34.86,4.65,5,33,0.1015,retail,email,seasonal,0.0,0.0,1,2,0.0,32,3,0.0,0.5064,28.0,2025-04-29 10:15:00,0
B2B,609,130.78,4.6,10,75,0.1317,retail,email,cross_sell,18.57,0.0273,0,5,0.0,9,3,0.0,0.4249,,2025-02-07 09:05:00,1
B2C,345,49.44,6.84,5,43,0.2798,pet_care,messenger,promo,28.45,0.1315,0,3,0.1432,2,2,0.0808,0.6883,43.0,2025-07-10 15:25:00,1
B2C,228,50.56,7.62,6,55,0.1322,fashion,email,loyalty,0.69,0.0,0,5,0.0443,24,1,0.0,0.4146,28.0,2025-08-05 12:25:00,0
B2C,286,71.34,5.42,5,76,0.2102,electronics,messenger,loyalty,11.6,0.1276,0,3,0.1779,19,1,0.1049,0.4914,35.0,2025-12-21 15:05:00,0
B2C,179,66.94,5.49,3,0,0.1976,electronics,email,cross_sell,40.16,0.1099,1,4,0.1185,7,0,0.1966,0.2764,41.0,2025-10-27 12:30:00,0
B2C,554,54.02,4.55,8,98,0.1528,electronics,sms,promo,8.72,0.0596,1,2,0.1738,12,2,0.2477,0.4886,44.0,2025-12-13 18:45:00,0
B2C,139,44.21,6.86,3,45,0.2126,electronics,messenger,reactivation,36.78,0.0,1,5,0.0,2,1,0.1203,0.2996,44.0,2025-10-04 16:20:00,0
B2C,1046,41.65,9.46,29,54,0.149,beauty,sms,promo,17.27,0.0726,1,4,0.0454,21,0,0.1224,0.5618,22.0,2025-02-10 11:40:00,0
B2C,86,53.51,5.23,1,86,0.2067,fashion,email,cross_sell,41.45,0.0,0,2,0.1178,10,1,0.0,0.3476,29.0,2025-01-15 11:15:00,0
B2C,199,36.11,2.23,1,112,0.0766,retail,email,promo,7.25,0.0,1,5,0.0,15,4,0.0,0.0936,58.0,2025-08-25 15:55:00,0
B2C,851,30.42,11.04,24,41,0.2813,fmcg,email,loyalty,38.4,0.0978,0,6,0.186,10,3,0.0529,0.5455,56.0,2025-04-18 12:15:00,1
B2C,487,24.54,8.71,16,40,0.2239,pharma,email,cross_sell,30.25,0.1233,1,1,0.1169,19,4,0.0991,0.3746,58.0,2025-01-26 10:10:00,0
B2C,370,42.38,8.18,8,15,0.3221,pharma,email,cross_sell,28.96,0.1955,0,3,0.1068,12,2,0.1123,0.6636,25.0,2025-09-24 09:45:00,0
B2C,957,13.73,5.8,19,62,0.0881,electronics,call,reactivation,22.21,0.0289,1,9,0.0937,27,1,0.0,0.45,37.0,2025-06-01 16:15:00,0
B2C,536,66.66,11.65,18,70,0.1472,retail,email,promo,27.36,0.2016,0,4,0.3007,16,2,0.1443,0.6605,32.0,2025-04-05 17:35:00,0
B2B,374,138.67,13.9,7,31,0.0983,office_supplies,email,promo,0.0,0.0763,1,4,0.1263,33,0,0.0,0.1355,,2025-02-13 11:50:00,0
B2B,656,120.0,12.66,25,39,0.301,home_goods,email,loyalty,32.11,0.1978,0,3,0.2169,6,2,0.0363,0.1156,,2025-05-30 08:55:00,1
B2B,938,170.54,8.38,19,31,0.4054,retail,messenger,cross_sell,23.94,0.1652,0,5,0.2362,9,0,0.2013,0.2452,,2025-01-23 13:00:00,1
B2C,556,25.58,9.21,12,75,0.168,fmcg,email,loyalty,5.53,0.0613,0,3,0.0294,12,1,0.1497,0.4353,30.0,2025-08-15 10:45:00,0
B2C,203,50.84,8.49,5,44,0.2285,beauty,messenger,reminder,43.37,0.0234,1,3,0.0513,4,1,0.0,0.3537,44.0,2025-02-03 17:35:00,0
B2B,724,279.04,3.86,6,130,0.1165,b2b_services,call,reminder,10.48,0.1938,0,2,0.1261,10,3,0.2856,0.3457,,2025-03-05 12:25:00,1
B2B,825,188.95,6.45,16,105,0.1772,retail,call,reactivation,27.1,0.2651,1,7,0.3348,12,2,0.3414,0.4376,,2025-02-16 13:50:00,1
B2B,1141,272.95,8.75,36,13,0.309,electronics,email,cross_sell,36.02,0.2599,0,4,0.2238,6,5,0.2811,0.8973,,2025-09-09 09:05:00,1
B2C,797,35.51,7.96,14,45,0.2819,fmcg,sms,cross_sell,30.39,0.078,0,3,0.0799,11,3,0.1324,0.866,40.0,2025-11-01 14:55:00,1
B2C,416,36.85,4.35,5,39,0.2014,fmcg,messenger,cross_sell,0.0,0.1248,1,1,0.1957,39,3,0.172,0.5061,38.0,2025-12-11 16:00:00,0
B2B,546,138.83,3.63,3,120,0.1383,b2b_services,email,promo,27.76,0.0564,0,6,0.1624,3,3,0.0,0.4301,,2025-01-31 12:45:00,0
B2C,537,41.19,9.22,16,40,0.2712,home_goods,messenger,promo,26.11,0.0,0,4,0.0,4,1,0.0237,0.4895,32.0,2025-05-16 14:55:00,1
B2C,752,69.85,2.98,4,60,0.1491,retail,messenger,seasonal,28.11,0.055,1,3,0.0596,6,2,0.053,0.5045,35.0,2025-03-15 17:30:00,0
B2C,289,95.1,6.95,5,63,0.0649,electronics,email,cross_sell,4.93,0.0006,0,2,0.0,15,1,0.0,0.1883,49.0,2025-08-30 13:15:00,0
B2B,762,169.47,15.78,32,55,0.3242,office_supplies,sms,cross_sell,15.8,0.2254,0,7,0.2817,26,2,0.1903,0.66,,2025-03-18 12:50:00,0
B2B,847,266.57,23.28,43,23,0.425,retail,sms,reminder,59.02,0.3653,1,5,0.387,6,1,0.4961,0.5822,,2025-11-28 14:15:00,1
B2C,731,33.75,13.83,30,5,0.3623,home_goods,sms,loyalty,27.37,0.2389,0,5,0.2247,23,4,0.2734,0.4432,55.0,2025-05-27 17:40:00,1
B2C,571,32.25,4.8,8,62,0.2039,pharma,sms,reminder,8.66,0.1403,1,2,0.215,34,3,0.1487,0.3592,22.0,2025-10-13 12:25:00,0
B2C,523,73.7,5.57,10,27,0.1197,pet_care,messenger,cross_sell,8.85,0.0981,1,9,0.101,27,2,0.0,0.1715,42.0,2025-05-29 12:35:00,1
B2C,254,32.64,2.74,2,94,0.1367,pharma,sms,promo,13.57,0.0,1,5,0.0,4,0,0.0,0.188,35.0,2025-12-29 18:05:00,0
B2C,309,75.3,9.6,6,46,0.2249,home_goods,email,reminder,42.65,0.2422,0,2,0.2656,6,1,0.29,0.7267,32.0,2025-04-13 09:30:00,0
B2C,911,75.27,7.73,16,63,0.3952,fashion,messenger,loyalty,39.4,0.2147,0,3,0.1986,0,3,0.2526,0.1303,22.0,2025-07-28 17:05:00,0
B2B,1321,153.52,15.09,73,1,0.3188,office_supplies,email,loyalty,30.5,0.3327,0,8,0.3172,6,0,0.1565,0.4616,,2025-11-03 14:20:00,1
B2C,740,108.4,9.47,27,16,0.1683,home_goods,call,promo,16.02,0.1659,1,5,0.0836,21,2,0.2163,0.3142,29.0,2025-10-05 15:20:00,0
B2B,1196,120.0,15.19,50,41,0.2042,pharma,messenger,promo,0.0,0.2439,0,11,0.1596,31,3,0.1854,0.3914,,2025-03-15 14:55:00,1
B2B,492,182.69,6.44,8,60,0.2161,b2b_services,email,seasonal,0.0,0.0728,0,8,0.0,27,5,0.1426,0.4245,,2025-11-12 10:45:00,0
B2C,530,43.06,5.36,7,41,0.1516,retail,sms,reactivation,19.83,0.0,1,3,0.0,21,2,0.0,0.8004,40.0,2025-11-10 17:00:00,0
B2C,685,50.07,15.02,23,0,0.269,electronics,email,reminder,44.96,0.2818,1,3,0.3295,11,1,0.3561,0.5573,47.0,2025-11-09 14:10:00,1
B2C,473,130.25,4.41,4,24,0.1755,electronics,sms,promo,9.26,0.0862,1,4,0.1306,15,1,0.1088,0.8202,35.0,2025-08-10 16:00:00,0
B2C,542,43.31,9.55,13,61,0.2448,beauty,email,reactivation,53.61,0.2606,0,4,0.3904,6,4,0.35,0.5723,38.0,2025-04-01 15:25:00,0
B2C,575,12.06,7.89,15,109,0.0842,retail,messenger,reactivation,13.8,0.1076,1,6,0.1222,12,1,0.0758,0.618,20.0,2025-06-15 17:25:00,0
B2C,340,71.44,8.38,9,29,0.2561,fmcg,messenger,onboarding,29.72,0.1439,0,6,0.1308,13,2,0.1313,0.5194,39.0,2025-08-20 16:35:00,0
B2C,302,54.17,11.78,10,73,0.3199,pharma,sms,reactivation,43.01,0.199,1,2,0.1833,23,1,0.1822,0.3983,30.0,2025-05-04 13:30:00,0
B2C,235,67.72,2.49,1,90,0.2216,pharma,email,onboarding,26.74,0.1304,1,2,0.1607,1,2,0.0475,0.5793,43.0,2025-04-05 08:30:00,0
B2C,1254,81.96,4.24,16,22,0.2742,retail,email,reminder,44.83,0.0,1,9,0.0,9,3,0.025,0.3103,40.0,2025-09-25 13:25:00,0
B2B,207,553.58,7.3,3,33,0.0,home_goods,messenger,onboarding,0.0,0.124,0,5,0.0262,23,3,0.0715,0.3505,,2025-06-09 10:50:00,0
B2C,715,43.14,4.86,10,41,0.1527,beauty,email,cross_sell,10.02,0.1552,0,4,0.0906,38,1,0.0363,0.8215,38.0,2025-04-17 11:00:00,1
B2C,96,39.78,5.68,2,79,0.2433,beauty,email,promo,31.47,0.0,0,5,0.0,13,3,0.0,0.6077,20.0,2025-05-27 14:10:00,0
B2C,417,44.06,4.15,6,55,0.3163,electronics,messenger,cross_sell,29.26,0.0643,1,1,0.0946,13,3,0.106,0.4673,32.0,2025-09-20 13:45:00,1
B2C,592,38.95,6.98,9,29,0.2956,fashion,sms,reminder,17.31,0.0598,0,3,0.0412,1,0,0.1808,0.2165,43.0,2025-01-12 11:05:00,0
B2C,206,58.88,6.39,3,17,0.2334,fashion,sms,onboarding,19.51,0.156,0,5,0.1798,16,2,0.2777,0.1263,44.0,2025-01-22 11:55:00,0
B2B,1107,130.42,14.16,47,21,0.3695,electronics,call,cross_sell,26.6,0.1962,0,9,0.2023,16,2,0.2299,0.2516,,2025-07-31 14:15:00,0
B2B,874,120.0,10.62,24,30,0.4334,retail,email,promo,44.46,0.2451,0,6,0.2511,1,7,0.1912,0.8127,,2025-07-13 09:05:00,1
B2C,418,48.99,8.22,12,64,0.2721,beauty,sms,reminder,22.37,0.0848,0,5,0.076,5,4,0.1989,0.2756,18.0,2025-11-05 13:35:00,0
B2C,125,73.62,9.53,4,65,0.0696,retail,sms,onboarding,0.0,0.0643,0,3,0.0406,27,3,0.1804,0.5588,47.0,2025-05-27 16:55:00,0
B2C,233,35.22,4.13,4,55,0.0781,fashion,email,cross_sell,14.48,0.038,0,2,0.0,4,2,0.0899,0.3106,32.0,2025-05-31 17:55:00,0
B2C,313,65.27,6.53,6,71,0.1719,retail,email,cross_sell,18.35,0.0714,0,4,0.1505,7,1,0.2056,0.488,37.0,2025-10-03 10:35:00,0
B2B,724,188.47,18.49,52,34,0.4585,retail,sms,loyalty,16.89,0.2515,0,5,0.2612,30,1,0.0799,0.3542,,2025-03-07 11:40:00,0
B2B,401,120.0,5.25,6,35,0.2822,electronics,call,cross_sell,0.0,0.0,0,4,0.0,19,2,0.0,0.5097,,2025-11-30 13:40:00,0
B2B,1148,120.0,9.25,36,74,0.223,office_supplies,email,reminder,13.12,0.1543,1,8,0.2699,14,3,0.1551,0.3468,,2025-10-20 14:10:00,0
B2C,242,49.91,5.94,3,0,0.2133,pet_care,messenger,seasonal,27.94,0.1583,1,2,0.1071,27,3,0.2259,0.2591,51.0,2025-11-25 11:00:00,1
B2B,939,183.19,7.24,16,44,0.195,retail,email,cross_sell,18.94,0.1198,0,7,0.1721,14,4,0.1538,0.33,,2025-10-08 17:40:00,1
B2B,1682,383.75,17.13,54,0,0.4262,home_goods,email,cross_sell,33.12,0.2945,0,7,0.3237,1,4,0.3373,0.2832,,2025-01-13 09:40:00,1
B2C,532,81.15,6.54,7,74,0.1627,beauty,email,reminder,12.71,0.1039,0,7,0.1271,18,0,0.1544,0.584,34.0,2025-02-08 13:25:00,0
B2B,241,289.91,12.03,9,33,0.1534,retail,email,cross_sell,0.0,0.201,1,7,0.1651,63,4,0.2128,0.3106,,2025-08-24 11:10:00,0
B2B,484,122.48,10.31,16,30,0.0534,office_supplies,call,promo,16.87,0.0063,0,5,0.0355,6,3,0.0,0.3894,,2025-05-03 10:45:00,0
B2B,78,288.13,21.01,6,29,0.3162,b2b_services,messenger,promo,35.58,0.3141,0,7,0.3449,5,1,0.3646,0.537,,2025-09-14 15:50:00,0
B2C,811,56.75,7.06,16,62,0.2364,pet_care,email,cross_sell,41.94,0.135,0,4,0.0,7,1,0.237,0.2754,38.0,2025-12-14 11:25:00,0
B2C,766,79.99,5.93,13,111,0.0842,pharma,sms,seasonal,8.34,0.1355,1,0,0.2056,12,6,0.1315,0.3501,36.0,2025-03-22 12:15:00,0
B2C,563,19.95,5.52,9,45,0.2972,beauty,sms,loyalty,46.69,0.1823,0,2,0.24,9,2,0.2208,0.1072,43.0,2025-06-04 16:35:00,0
B2B,276,240.01,10.95,9,13,0.1896,b2b_services,email,promo,10.13,0.2007,1,7,0.2797,17,6,0.1956,0.191,,2025-04-26 17:35:00,0
B2C,316,51.07,9.93,9,47,0.1216,electronics,email,seasonal,5.2,0.139,1,1,0.1402,27,2,0.0,0.6078,18.0,2025-07-09 10:55:00,1
B2C,542,33.34,9.67,12,27,0.2074,home_goods,sms,cross_sell,21.44,0.0727,0,4,0.1649,16,0,0.0793,0.8629,36.0,2025-04-05 12:15:00,0
B2C,269,16.41,7.08,6,51,0.137,retail,sms,reminder,15.92,0.1099,0,4,0.0772,10,4,0.2136,0.2517,37.0,2025-11-02 14:55:00,0
B2B,714,137.56,11.25,19,49,0.1534,b2b_services,email,promo,17.97,0.1376,1,5,0.1646,16,3,0.2169,0.361,,2025-04-26 08:50:00,0
B2C,669,65.57,4.19,10,97,0.0,fashion,sms,loyalty,0.0,0.0266,1,1,0.1097,30,3,0.034,0.783,34.0,2025-05-03 10:00:00,0
B2C,225,64.65,8.71,5,40,0.154,home_goods,email,promo,34.73,0.1901,0,0,0.2819,9,1,0.0988,0.1418,49.0,2025-08-16 12:50:00,0
B2C,578,28.45,12.73,28,131,0.0985,fashion,email,promo,21.13,0.1758,0,1,0.1329,15,2,0.1702,0.2887,31.0,2025-12-02 10:50:00,0
B2C,413,57.64,11.04,13,61,0.1401,pet_care,email,cross_sell,6.41,0.1639,0,4,0.0451,17,1,0.2472,0.2727,32.0,2025-10-22 13:50:00,0
B2C,275,49.55,1.03,1,154,0.0645,pharma,messenger,promo,0.0,0.0,0,0,0.0,12,3,0.0762,0.4599,22.0,2025-02-28 19:55:00,0
B2C,265,101.31,4.84,3,48,0.1732,retail,sms,promo,14.64,0.0425,1,3,0.0384,21,0,0.0232,0.1702,40.0,2025-03-01 12:50:00,0
B2C,344,84.7,10.04,8,100,0.1892,fashion,call,promo,19.27,0.1592,0,6,0.1122,36,2,0.1624,0.412,45.0,2025-10-11 15:10:00,0
B2C,52,70.1,4.15,1,52,0.1845,beauty,call,onboarding,0.0,0.0,1,1,0.0116,28,6,0.1651,0.2736,33.0,2025-02-27 10:25:00,0
B2B,604,275.54,10.33,22,29,0.2316,retail,messenger,loyalty,8.45,0.2412,0,2,0.2942,37,4,0.138,0.5336,,2025-01-27 18:30:00,1
B2C,595,59.06,8.94,12,0,0.2988,electronics,messenger,reminder,19.8,0.154,1,5,0.1326,19,3,0.1377,0.5374,48.0,2025-07-27 16:00:00,0
B2B,801,247.04,8.77,14,63,0.2243,office_supplies,messenger,cross_sell,0.11,0.0965,1,4,0.1283,17,1,0.1521,0.6057,,2025-03-08 17:20:00,0
B2C,497,21.22,13.0,20,85,0.3069,home_goods,call,reactivation,25.0,0.0865,1,0,0.181,3,5,0.1226,0.05,45.0,2025-02-18 13:15:00,0
B2C,787,44.5,7.73,13,52,0.1475,beauty,messenger,promo,13.84,0.015,0,5,0.1699,6,5,0.0196,0.2561,44.0,2025-09-22 15:05:00,0
B2C,890,46.62,4.2,13,36,0.1505,retail,messenger,reminder,0.0,0.0,1,7,0.0,41,2,0.0,0.0343,35.0,2025-01-08 15:00:00,0
B2C,160,22.97,7.81,1,37,0.1671,pharma,email,promo,36.63,0.1398,0,2,0.1143,6,1,0.1342,0.5218,24.0,2025-02-18 12:50:00,0
B2B,1449,120.0,15.57,59,84,0.4655,retail,messenger,seasonal,35.98,0.2941,1,0,0.3249,2,2,0.264,0.6569,,2025-01-26 16:30:00,0
B2C,242,42.8,12.88,7,68,0.1421,fmcg,sms,loyalty,21.83,0.2045,0,2,0.1433,4,0,0.1132,0.4481,45.0,2025-04-20 12:40:00,1
B2C,682,55.39,8.03,15,11,0.1639,fashion,sms,seasonal,28.96,0.0874,0,2,0.1516,12,3,0.2865,0.2075,18.0,2025-08-15 15:30:00,0
B2C,351,63.52,6.34,6,46,0.0658,pharma,email,reminder,14.85,0.1899,1,5,0.1494,25,3,0.2716,0.1302,30.0,2025-04-28 10:15:00,1
B2C,561,39.97,7.19,10,59,0.2317,pharma,email,reactivation,10.9,0.0,1,3,0.0597,10,5,0.0173,0.3266,33.0,2025-04-26 13:30:00,0
B2C,155,44.24,8.29,5,47,0.0136,fashion,email,onboarding,23.67,0.1536,1,3,0.0339,8,2,0.2038,0.4368,32.0,2025-02-22 11:55:00,0
B2C,135,95.44,4.06,1,69,0.1942,retail,sms,onboarding,21.37,0.0908,0,2,0.0647,6,2,0.12,0.1023,58.0,2025-02-01 15:40:00,0
B2C,477,42.43,3.53,4,92,0.0457,home_goods,email,reminder,0.0,0.0,0,3,0.0149,13,3,0.0,0.5485,49.0,2025-09-05 10:25:00,0
B2C,499,56.1,9.56,13,3,0.3582,fashion,email,seasonal,12.17,0.0,0,5,0.0,6,0,0.0,0.1732,40.0,2025-06-04 12:30:00,0
B2C,469,30.75,7.85,15,67,0.2709,beauty,email,promo,41.61,0.177,0,2,0.2247,11,2,0.3674,0.2848,54.0,2025-02-13 09:40:00,0
B2C,345,19.61,9.17,10,57,0.1901,electronics,email,seasonal,33.86,0.1769,0,2,0.2883,9,2,0.2204,0.6446,29.0,2025-01-05 17:50:00,0
B2C,257,35.58,9.77,7,45,0.1968,home_goods,email,promo,11.69,0.2099,0,3,0.1123,37,1,0.218,0.5254,51.0,2025-05-06 10:20:00,0
B2B,881,169.56,13.79,27,23,0.3195,office_supplies,email,promo,28.95,0.1736,1,8,0.0926,26,2,0.1552,0.7093,,2025-03-02 09:30:00,1
B2B,477,245.45,5.04,5,28,0.1825,b2b_services,email,promo,23.48,0.1992,0,4,0.222,10,0,0.3018,0.5311,,2025-11-02 14:00:00,0
B2C,755,57.72,3.52,8,50,0.1787,beauty,messenger,onboarding,0.0,0.0,0,2,0.0,44,4,0.0,0.407,51.0,2025-12-20 13:35:00,0
B2C,1158,33.77,7.49,30,95,0.1848,fashion,sms,cross_sell,19.82,0.1031,0,5,0.0,8,3,0.1757,0.4869,56.0,2025-05-13 18:25:00,0
B2C,361,39.39,6.42,6,82,0.0553,home_goods,email,loyalty,22.54,0.0632,1,1,0.1133,7,1,0.0768,0.3483,36.0,2025-07-08 10:50:00,1
B2B,1284,150.0,16.01,64,0,0.2492,electronics,call,loyalty,11.83,0.2759,0,9,0.3258,38,2,0.2418,0.3226,,2025-02-03 09:20:00,0
B2C,436,33.99,7.05,8,40,0.2613,beauty,email,cross_sell,30.32,0.2173,1,4,0.1959,21,0,0.2437,0.6829,23.0,2025-08-12 12:55:00,1
B2B,1272,121.34,16.16,60,50,0.4611,b2b_services,messenger,reminder,50.72,0.3264,1,6,0.1594,5,2,0.3432,0.5542,,2025-10-12 18:50:00,1
B2C,642,40.35,5.25,10,38,0.1824,retail,messenger,loyalty,16.79,0.0,0,4,0.0,19,3,0.0,0.4843,23.0,2025-12-14 15:45:00,0
B2B,412,266.91,7.2,10,52,0.1427,electronics,email,cross_sell,0.0,0.1378,0,4,0.1414,58,3,0.0815,0.1701,,2025-03-05 12:45:00,0
B2C,756,74.82,7.12,19,19,0.1488,electronics,email,cross_sell,34.8,0.2151,0,5,0.2326,4,1,0.289,0.208,34.0,2025-05-20 10:30:00,0
B2C,587,41.69,5.51,8,81,0.1251,electronics,sms,reactivation,22.63,0.0,1,5,0.095,7,1,0.0,0.1018,42.0,2025-08-22 18:55:00,0
B2C,57,75.5,7.17,2,57,0.2298,fashion,email,onboarding,30.83,0.1229,0,2,0.1017,1,2,0.1459,0.4567,22.0,2025-03-07 13:35:00,0
B2B,926,295.3,18.71,52,49,0.2775,home_goods,messenger,onboarding,28.81,0.311,0,7,0.3528,15,2,0.3634,0.3338,,2025-02-01 19:00:00,1
B2B,1611,120.0,6.12,38,66,0.2063,retail,email,reactivation,23.57,0.0472,1,10,0.0,9,4,0.1624,0.7935,,2025-06-20 12:45:00,1
B2C,597,28.52,12.64,18,13,0.107,home_goods,messenger,cross_sell,23.68,0.3428,1,4,0.5293,32,3,0.3232,0.6745,29.0,2025-08-27 16:40:00,0
B2B,221,120.0,11.36,6,59,0.1479,retail,messenger,loyalty,8.07,0.0893,0,6,0.1183,21,2,0.0513,0.5558,,2025-12-23 15:15:00,0
B2C,340,40.8,6.07,5,76,0.2919,beauty,messenger,reactivation,23.71,0.0299,0,2,0.023,6,2,0.0086,0.1102,29.0,2025-02-06 17:10:00,1
B2C,567,32.82,5.27,8,92,0.1128,fmcg,sms,reactivation,0.56,0.0442,1,2,0.0062,11,2,0.0,0.5541,25.0,2025-08-16 17:15:00,0
B2B,260,185.1,7.87,6,38,0.1174,b2b_services,email,seasonal,12.45,0.0989,0,8,0.1903,22,1,0.0632,0.5558,,2025-07-06 12:15:00,0
B2C,650,38.61,8.75,17,50,0.3288,electronics,email,cross_sell,21.76,0.151,0,3,0.231,17,3,0.0919,0.1903,55.0,2025-01-12 15:50:00,1
B2C,356,37.49,12.86,16,38,0.3249,retail,messenger,reactivation,44.0,0.2617,1,3,0.2662,4,3,0.157,0.3128,47.0,2025-09-21 15:15:00,1
B2C,631,41.57,3.13,7,37,0.0851,fashion,messenger,seasonal,0.0,0.0697,1,8,0.0,25,2,0.0109,0.3248,38.0,2025-02-02 15:40:00,0
B2C,439,73.98,11.59,11,31,0.2005,home_goods,email,seasonal,15.71,0.0483,0,3,0.0196,18,1,0.1315,0.1523,37.0,2025-09-25 11:25:00,1
B2C,263,42.29,6.48,5,58,0.1296,fmcg,sms,cross_sell,0.0,0.0004,0,1,0.0374,26,0,0.0446,0.4537,49.0,2025-04-18 13:15:00,0
B2C,1032,38.31,1.88,6,117,0.0289,pharma,email,promo,0.0,0.0155,1,5,0.0,20,8,0.0686,0.6473,43.0,2025-05-22 17:00:00,0
B2C,183,44.8,9.06,5,37,0.214,fashion,messenger,promo,25.45,0.2819,1,1,0.3206,19,2,0.4358,0.3164,25.0,2025-02-08 14:15:00,0
B2C,285,24.33,8.18,9,29,0.1915,beauty,email,reactivation,33.0,0.1918,0,2,0.115,5,3,0.2602,0.4375,23.0,2025-10-24 10:35:00,0
B2B,488,387.17,8.79,12,33,0.2335,home_goods,email,promo,28.68,0.2351,0,6,0.1662,6,3,0.259,0.3707,,2025-07-17 08:40:00,0
B2B,626,555.47,13.98,22,0,0.1465,pharma,messenger,reminder,5.18,0.169,1,3,0.1783,20,1,0.1999,0.5085,,2025-05-23 16:20:00,1
B2C,429,23.43,9.98,10,86,0.1488,fashion,messenger,reminder,32.01,0.0259,1,4,0.0525,14,2,0.1773,0.5069,20.0,2025-11-23 17:20:00,1
B2C,1011,23.3,6.28,19,94,0.3351,beauty,messenger,promo,46.81,0.158,0,3,0.159,2,3,0.2427,0.5819,21.0,2025-07-24 14:05:00,0
B2C,426,50.4,11.5,13,65,0.1703,pharma,messenger,reminder,29.49,0.2746,0,1,0.1516,25,3,0.347,0.4694,41.0,2025-03-15 18:35:00,0
B2C,480,40.36,6.86,11,50,0.1616,home_goods,email,seasonal,38.75,0.0715,0,5,0.1265,12,3,0.2198,0.317,22.0,2025-05-05 15:55:00,0
B2C,422,34.17,8.76,11,78,0.2512,electronics,email,promo,24.37,0.2088,0,2,0.2435,27,0,0.2646,0.688,26.0,2025-05-04 09:40:00,0
B2C,329,69.4,4.51,3,78,0.2216,pharma,sms,promo,30.1,0.0426,0,0,0.1038,8,1,0.0923,0.5155,23.0,2025-08-17 12:20:00,0
B2C,631,54.85,7.87,11,13,0.3001,beauty,email,promo,15.75,0.1038,1,2,0.1549,15,3,0.1698,0.3311,30.0,2025-01-03 10:45:00,1
B2C,1230,62.57,8.48,19,34,0.1839,fashion,messenger,loyalty,21.62,0.2053,0,6,0.2087,22,6,0.2047,0.5609,31.0,2025-08-01 19:20:00,0
B2B,196,120.0,6.64,5,63,0.1974,b2b_services,sms,loyalty,21.72,0.0491,0,3,0.0731,9,1,0.0258,0.4147,,2025-01-04 14:50:00,0
B2C,461,18.87,6.29,7,84,0.1415,fashion,email,reactivation,33.74,0.1688,1,4,0.0578,17,0,0.2086,0.1606,37.0,2025-03-24 13:05:00,0
B2C,136,57.62,6.8,3,71,0.125,fmcg,messenger,promo,11.64,0.163,1,0,0.1432,28,1,0.212,0.4195,41.0,2025-05-03 18:40:00,0
B2C,302,23.61,4.2,4,41,0.3185,beauty,email,loyalty,26.49,0.15,0,1,0.2432,9,1,0.1381,0.6225,36.0,2025-10-31 15:10:00,0
B2C,71,37.36,10.0,1,32,0.3858,home_goods,sms,onboarding,26.22,0.173,1,2,0.1584,5,1,0.1915,0.6558,18.0,2025-04-08 18:40:00,0
B2C,939,53.42,11.32,30,11,0.274,retail,sms,promo,24.23,0.1307,1,10,0.0735,12,0,0.2128,0.4144,23.0,2025-04-15 11:45:00,0
B2C,456,67.63,7.96,9,33,0.1897,fmcg,sms,promo,32.58,0.1233,1,1,0.2048,14,2,0.2315,0.5019,48.0,2025-04-01 18:30:00,1
B2C,454,38.01,8.73,15,77,0.1533,home_goods,email,reminder,13.73,0.027,1,3,0.0342,24,2,0.0519,0.6268,18.0,2025-07-08 09:45:00,0
B2B,1387,154.11,8.7,38,68,0.2367,electronics,email,reactivation,21.47,0.1637,0,6,0.2001,12,4,0.1624,0.1793,,2025-09-07 10:40:00,1
B2C,551,20.24,6.0,8,59,0.0848,fashion,sms,promo,0.0,0.1039,0,3,0.1082,8,2,0.0919,0.3366,34.0,2025-10-08 14:55:00,0
B2B,1772,455.85,13.41,80,96,0.2492,home_goods,messenger,seasonal,24.01,0.143,1,8,0.2249,6,7,0.2925,0.4722,,2025-07-21 17:55:00,1
B2C,1084,42.52,5.09,22,85,0.1281,fmcg,email,promo,17.95,0.0214,0,4,0.1325,5,5,0.0,0.3088,34.0,2025-05-14 16:30:00,0
B2C,163,71.31,2.24,1,131,0.076,fashion,messenger,reminder,5.25,0.0,1,7,0.0,15,2,0.0916,0.5118,47.0,2025-03-10 18:15:00,0
B2C,275,47.28,5.44,4,13,0.2604,fashion,email,seasonal,19.52,0.1019,1,1,0.0708,15,1,0.0166,0.6599,46.0,2025-11-21 11:55:00,1
B2B,1432,190.13,6.72,31,87,0.1112,b2b_services,call,reminder,0.0,0.1659,1,10,0.1751,28,5,0.1151,0.3929,,2025-11-07 16:00:00,0
B2C,147,19.93,3.58,1,134,0.1779,home_goods,messenger,reactivation,14.77,0.0494,1,4,0.1695,9,3,0.0408,0.3335,23.0,2025-10-21 17:30:00,0
B2C,495,47.58,11.79,19,45,0.0745,retail,messenger,cross_sell,0.0,0.1201,0,2,0.169,42,4,0.1881,0.4271,58.0,2025-03-20 15:25:00,0
B2C,527,52.97,8.89,12,34,0.2303,home_goods,sms,reminder,19.04,0.2419,0,5,0.2143,23,2,0.1125,0.6028,47.0,2025-03-27 12:15:00,0
B2C,758,41.42,5.72,13,45,0.1198,home_goods,sms,promo,19.1,0.0764,0,10,0.0074,4,3,0.0,0.3498,63.0,2025-06-04 14:05:00,0
B2B,470,239.31,17.66,33,0,0.2481,electronics,call,promo,0.0,0.1685,0,7,0.0322,77,2,0.1969,0.185,,2025-05-31 11:20:00,0
B2C,61,38.89,6.65,1,0,0.1609,pet_care,sms,cross_sell,17.98,0.1806,0,3,0.2131,21,1,0.2597,0.4617,48.0,2025-01-05 13:15:00,1
B2B,1160,289.23,15.72,40,28,0.4397,b2b_services,email,promo,32.73,0.2685,0,6,0.299,8,3,0.3678,0.2622,,2025-07-09 11:00:00,0
B2B,1175,197.93,17.48,66,0,0.4508,home_goods,call,cross_sell,28.31,0.398,0,9,0.4122,31,6,0.3784,0.5383,,2025-04-25 10:35:00,1
B2C,142,29.98,9.41,5,65,0.2828,retail,email,promo,41.65,0.2246,0,3,0.205,5,2,0.1544,0.125,18.0,2025-08-24 16:25:00,1
B2B,276,120.0,4.25,4,17,0.1233,b2b_services,email,seasonal,9.91,0.139,0,6,0.219,9,1,0.3259,0.8693,,2025-07-08 15:35:00,1
B2C,422,21.87,0.68,1,138,0.0,beauty,sms,onboarding,6.31,0.0,1,1,0.0169,22,0,0.0,0.1965,30.0,2025-11-05 14:30:00,0
B2B,424,236.45,15.87,16,25,0.4312,office_supplies,call,cross_sell,42.03,0.2571,1,5,0.3777,3,5,0.1063,0.4296,,2025-12-23 13:40:00,0
B2C,514,24.96,6.74,8,61,0.2357,home_goods,messenger,reminder,11.53,0.1301,1,1,0.1374,24,1,0.0864,0.1607,19.0,2025-09-02 11:30:00,0
B2C,560,26.12,8.01,13,65,0.2447,home_goods,messenger,cross_sell,40.17,0.149,0,6,0.0034,10,1,0.0854,0.6851,49.0,2025-06-28 17:05:00,1
B2C,360,67.75,7.82,7,65,0.2115,fashion,messenger,reactivation,41.75,0.1515,0,5,0.039,10,2,0.0571,0.5274,53.0,2025-07-23 10:15:00,0
B2B,872,120.0,14.31,31,25,0.2329,office_supplies,call,loyalty,19.28,0.2394,0,6,0.2393,17,2,0.1178,0.6189,,2025-03-31 14:55:00,0
B2C,410,23.27,7.55,10,50,0.2166,home_goods,messenger,seasonal,21.37,0.0,1,2,0.0797,12,2,0.0,0.4055,49.0,2025-08-19 14:50:00,0
B2C,501,104.95,5.23,6,96,0.1002,fashion,messenger,seasonal,17.55,0.0147,1,2,0.0497,13,1,0.0541,0.3809,37.0,2025-10-23 15:25:00,0
B2C,187,51.52,8.77,4,32,0.1962,fmcg,email,onboarding,31.75,0.1808,1,2,0.1683,2,0,0.197,0.4564,41.0,2025-03-21 10:25:00,0
B2B,1445,160.12,10.88,39,22,0.418,home_goods,email,reminder,30.62,0.1597,0,8,0.1061,12,2,0.183,0.1952,,2025-10-05 10:55:00,1
B2B,888,323.61,13.5,39,66,0.3176,home_goods,email,cross_sell,18.13,0.1721,0,5,0.0,22,0,0.1699,0.0771,,2025-08-06 09:25:00,1
B2C,556,34.15,8.14,15,34,0.2264,pet_care,sms,promo,28.09,0.3789,0,2,0.4474,14,2,0.3274,0.6231,57.0,2025-09-11 15:20:00,1
B2C,304,83.66,2.06,2,86,0.049,electronics,sms,promo,22.07,0.0063,0,1,0.0192,3,2,0.1182,0.726,68.0,2025-10-31 10:25:00,0
B2B,733,157.27,7.03,13,28,0.1738,retail,messenger,loyalty,21.44,0.1028,0,2,0.0,8,6,0.1515,0.6318,,2025-03-07 11:05:00,0
B2B,542,120.0,16.05,28,0,0.392,retail,call,loyalty,19.72,0.3453,0,1,0.2248,20,1,0.2667,0.5701,,2025-11-02 17:25:00,0
B2B,354,179.81,6.23,4,54,0.0687,retail,email,loyalty,0.0,0.0,0,5,0.0988,49,1,0.0285,0.2099,,2025-07-18 13:00:00,0
B2C,172,37.83,7.0,3,93,0.1715,fmcg,messenger,loyalty,9.97,0.1925,1,0,0.2417,18,0,0.269,0.1593,40.0,2025-04-06 11:05:00,0
B2C,704,31.13,8.61,16,22,0.2686,fashion,email,cross_sell,14.95,0.0,0,3,0.0161,23,1,0.0,0.3032,30.0,2025-05-27 14:25:00,0
B2C,247,78.64,10.36,6,34,0.2054,pharma,sms,onboarding,38.06,0.2806,1,1,0.0699,4,2,0.3358,0.4992,29.0,2025-12-30 12:50:00,0
B2C,665,23.17,10.95,20,11,0.0809,fashion,email,reminder,7.38,0.2534,0,6,0.2477,37,5,0.3932,0.5681,29.0,2025-12-16 09:15:00,0
B2B,133,151.65,7.59,3,39,0.144,b2b_services,email,loyalty,0.0,0.0535,0,3,0.0126,8,4,0.0219,0.3714,,2025-05-31 10:45:00,0
B2B,264,188.36,13.23,10,30,0.2138,b2b_services,call,cross_sell,0.0,0.2878,0,6,0.33,35,2,0.3622,0.4864,,2025-09-25 15:55:00,0
B2C,555,44.36,11.63,26,0,0.3508,fashion,messenger,promo,40.85,0.2211,1,3,0.1412,10,3,0.1825,0.4949,34.0,2025-09-02 12:30:00,0
B2C,314,24.76,8.32,6,61,0.1556,pet_care,sms,promo,30.06,0.1418,1,6,0.05,5,1,0.0,0.6369,59.0,2025-07-22 13:10:00,0
B2C,290,47.03,9.1,8,56,0.3786,electronics,email,cross_sell,39.39,0.2157,0,3,0.2732,2,1,0.1431,0.3962,48.0,2025-09-16 13:05:00,0
B2C,541,64.51,8.54,7,19,0.2965,beauty,email,promo,15.76,0.0296,0,3,0.041,21,0,0.0877,0.2904,35.0,2025-07-10 15:10:00,1
B2C,479,20.61,13.38,20,4,0.33,fashion,email,cross_sell,34.35,0.2709,0,1,0.4085,19,3,0.2423,0.0703,48.0,2025-07-18 11:25:00,1
B2C,799,42.16,7.75,18,54,0.3611,fmcg,sms,loyalty,0.0,0.0937,0,4,0.0,29,4,0.0795,0.4316,28.0,2025-12-29 15:00:00,0
B2C,767,70.53,5.94,15,57,0.1328,pet_care,email,loyalty,4.03,0.0693,0,2,0.1416,15,3,0.1445,0.4761,50.0,2025-03-29 14:00:00,0
B2C,888,50.26,5.11,8,48,0.2116,beauty,messenger,reactivation,28.55,0.0,1,5,0.0,2,3,0.0,0.6617,34.0,2025-01-13 17:10:00,0
B2C,107,67.63,10.51,3,26,0.2467,beauty,call,seasonal,38.95,0.1139,1,3,0.2203,14,1,0.1084,0.6663,28.0,2025-04-17 11:05:00,0
B2C,634,32.85,15.05,22,1,0.3656,beauty,messenger,cross_sell,59.64,0.2002,0,1,0.1637,6,6,0.208,0.6575,18.0,2025-06-20 14:25:00,1
B2C,133,71.11,3.99,1,70,0.2908,pet_care,email,reactivation,23.79,0.1023,1,3,0.1017,17,2,0.0785,0.1839,44.0,2025-06-14 13:00:00,0
B2C,494,89.83,6.68,7,36,0.3651,fmcg,sms,reminder,25.34,0.1567,1,0,0.1506,8,3,0.0594,0.5483,56.0,2025-09-24 15:00:00,0
B2C,843,48.69,10.75,31,18,0.3686,retail,sms,loyalty,35.26,0.2502,0,6,0.2417,16,3,0.1963,0.8234,42.0,2025-08-13 12:05:00,0
B2C,453,53.91,4.51,8,105,0.1164,fashion,messenger,promo,15.39,0.0381,0,4,0.0,15,3,0.0,0.553,50.0,2025-09-16 19:40:00,0
B2C,685,40.26,4.09,6,39,0.2141,home_goods,messenger,seasonal,23.69,0.0,1,2,0.1628,13,1,0.0,0.6112,30.0,2025-12-21 14:30:00,1
B2C,290,51.01,10.95,9,28,0.3351,fmcg,sms,cross_sell,33.49,0.2323,0,0,0.2124,6,1,0.1453,0.4151,28.0,2025-09-08 16:45:00,0
B2C,109,63.41,9.04,5,49,0.2444,home_goods,email,reactivation,9.03,0.0443,1,1,0.0,4,2,0.1085,0.7147,31.0,2025-05-04 10:30:00,0
B2C,208,71.15,5.15,4,55,0.3128,electronics,email,seasonal,30.67,0.0,1,4,0.0,10,1,0.0,0.3257,31.0,2025-04-09 09:35:00,1
B2C,240,32.94,7.02,4,113,0.0448,electronics,email,cross_sell,0.0,0.1471,1,1,0.1718,16,2,0.0867,0.901,32.0,2025-07-09 09:30:00,0
B2C,460,31.56,3.56,6,119,0.4097,fashion,email,promo,21.01,0.0332,0,5,0.0027,6,5,0.0,0.175,24.0,2025-06-30 11:05:00,0
B2C,223,38.3,10.55,5,37,0.1093,home_goods,sms,cross_sell,6.53,0.2407,0,2,0.1873,44,1,0.2344,0.3639,39.0,2025-04-28 16:25:00,0
B2B,149,160.66,17.38,8,0,0.1759,b2b_services,email,loyalty,15.52,0.2424,1,7,0.2983,13,1,0.2607,0.5241,,2025-04-12 09:40:00,0
B2C,322,108.38,13.34,7,22,0.3051,electronics,sms,cross_sell,21.57,0.2528,0,1,0.1547,26,1,0.1255,0.6111,23.0,2025-05-04 10:15:00,0
B2B,617,129.64,6.54,12,53,0.1794,retail,call,reminder,15.9,0.0987,0,7,0.1411,7,2,0.1126,0.8293,,2025-11-24 09:45:00,1
B2C,387,43.96,5.32,6,44,0.1943,pet_care,messenger,reactivation,7.17,0.0619,1,3,0.0,7,0,0.0341,0.5571,29.0,2025-09-10 13:35:00,1
B2C,652,82.14,8.19,17,63,0.2611,pharma,call,reminder,29.41,0.1165,1,2,0.0906,12,4,0.0721,0.1812,27.0,2025-06-23 14:25:00,0
B2C,104,55.8,3.04,1,61,0.0,fmcg,sms,onboarding,19.05,0.2105,1,1,0.1748,29,5,0.2225,0.23,41.0,2025-02-28 12:40:00,1
B2C,484,58.0,12.67,16,36,0.3304,beauty,sms,reminder,40.58,0.3528,1,2,0.4804,19,4,0.3831,0.2348,27.0,2025-09-26 17:25:00,0
B2C,331,47.81,10.43,7,21,0.1178,pharma,email,seasonal,11.32,0.1409,0,1,0.1882,13,2,0.0647,0.2979,18.0,2025-11-28 11:05:00,1
B2C,273,118.27,6.8,6,59,0.0722,home_goods,messenger,promo,0.0,0.098,1,2,0.1853,34,1,0.0849,0.357,35.0,2025-12-04 14:45:00,0
B2C,399,151.11,3.91,5,75,0.1804,pharma,email,promo,0.0,0.0,0,1,0.0,16,1,0.0,0.6601,50.0,2025-10-26 12:40:00,0
B2C,142,40.73,7.24,3,19,0.2192,retail,messenger,reminder,0.0,0.0,1,1,0.0,25,1,0.0,0.4287,45.0,2025-08-26 13:30:00,0
B2C,441,34.77,4.17,6,62,0.1388,retail,email,promo,8.13,0.1437,0,6,0.0743,19,0,0.1103,0.2111,24.0,2025-12-09 12:25:00,0
B2B,1227,120.0,6.87,30,54,0.2191,retail,messenger,loyalty,0.0,0.078,0,8,0.0182,30,2,0.0682,0.3739,,2025-08-16 19:20:00,0
B2C,640,40.03,8.3,17,76,0.2617,fashion,email,promo,23.22,0.1567,0,0,0.215,24,4,0.0715,0.4068,29.0,2025-06-23 11:45:00,1
B2B,1128,276.71,14.16,42,2,0.4154,electronics,email,seasonal,35.43,0.3625,1,8,0.4266,6,0,0.3862,0.6564,,2025-09-12 15:35:00,1
B2C,523,21.69,7.28,7,84,0.2565,electronics,call,promo,25.74,0.2394,1,4,0.1712,8,2,0.2808,0.7922,36.0,2025-07-26 15:20:00,0
B2B,532,355.9,14.49,21,0,0.2853,retail,email,loyalty,6.0,0.2093,1,1,0.3538,28,4,0.1274,0.2439,,2025-02-27 12:55:00,0
B2C,92,48.83,5.34,2,36,0.1108,electronics,sms,reminder,15.6,0.0,0,0,0.0,4,0,0.0,0.1715,56.0,2025-08-09 14:45:00,1
B2B,705,270.47,8.38,16,24,0.2228,electronics,email,onboarding,9.71,0.0673,0,6,0.0868,11,1,0.0087,0.674,,2025-06-07 11:30:00,0
B2C,170,59.27,7.27,1,22,0.1667,pet_care,email,reminder,0.0,0.043,1,1,0.0,34,2,0.0042,0.1838,38.0,2025-12-17 10:55:00,0
B2C,565,42.57,8.36,13,57,0.1584,electronics,sms,reminder,14.82,0.0,1,7,0.1057,18,1,0.1283,0.2985,45.0,2025-12-10 14:05:00,0
B2C,124,31.16,4.56,1,93,0.1865,pet_care,email,reminder,0.0,0.023,0,0,0.0389,37,4,0.0,0.678,42.0,2025-12-10 11:10:00,0
B2C,254,36.4,9.04,6,57,0.1626,home_goods,email,promo,0.0,0.1663,0,1,0.1272,35,0,0.0232,0.2398,40.0,2025-01-10 15:45:00,0
B2C,335,26.7,11.54,9,32,0.2149,fashion,email,cross_sell,29.63,0.1209,0,4,0.1938,2,3,0.0276,0.5858,39.0,2025-07-20 08:00:00,0
B2C,472,69.53,15.86,17,103,0.3057,retail,email,promo,27.71,0.1959,1,2,0.1304,11,2,0.1699,0.3967,23.0,2025-09-25 17:15:00,0
B2C,246,28.45,6.69,6,73,0.1201,retail,sms,seasonal,11.26,0.0726,1,1,0.2088,24,4,0.1459,0.2276,58.0,2025-12-08 18:35:00,1
B2C,1051,55.15,10.14,28,51,0.3347,electronics,messenger,loyalty,17.01,0.0902,0,6,0.2098,28,3,0.15,0.5927,53.0,2025-05-05 17:55:00,1
B2C,311,71.96,1.33,1,126,0.0,retail,sms,promo,10.01,0.0,0,4,0.0124,10,3,0.0,0.8581,26.0,2025-01-25 16:30:00,0
B2C,535,33.95,6.82,7,19,0.2771,home_goods,email,promo,16.25,0.0,0,4,0.0,15,4,0.1591,0.1896,50.0,2025-05-04 09:55:00,1
B2B,391,161.51,12.18,5,59,0.0971,pharma,messenger,promo,13.11,0.1671,1,4,0.0606,7,2,0.1813,0.3771,,2025-10-10 15:50:00,0
B2C,460,35.78,8.51,13,63,0.2676,beauty,messenger,promo,34.8,0.1952,1,6,0.1931,11,5,0.0886,0.3999,42.0,2025-03-19 16:30:00,0
B2C,377,66.26,4.05,4,43,0.2207,retail,sms,cross_sell,23.56,0.1112,0,2,0.045,13,1,0.1836,0.3203,34.0,2025-01-05 10:35:00,0
B2B,318,466.38,7.73,5,45,0.3432,pharma,sms,promo,12.49,0.1919,1,6,0.1535,33,3,0.1899,0.7202,,2025-09-17 13:40:00,0
B2C,214,24.51,9.66,7,40,0.1485,pharma,sms,promo,20.99,0.0559,0,6,0.0785,1,4,0.179,0.5674,53.0,2025-12-14 11:15:00,0
B2C,359,56.6,8.14,12,17,0.2065,home_goods,sms,onboarding,34.95,0.0982,1,2,0.2482,6,1,0.0901,0.0892,46.0,2025-05-30 13:00:00,1
B2C,691,21.87,5.51,14,40,0.1425,home_goods,email,promo,31.73,0.0699,1,4,0.0861,6,3,0.1071,0.5511,44.0,2025-03-14 12:50:00,1
B2C,498,45.95,7.1,9,27,0.1722,fashion,sms,promo,26.27,0.1682,0,7,0.1882,22,3,0.2453,0.1619,31.0,2025-12-23 11:40:00,0
B2B,749,224.37,15.79,42,34,0.2082,b2b_services,messenger,reactivation,16.24,0.1746,1,6,0.2308,10,1,0.2104,0.3522,,2025-09-07 14:15:00,0
B2B,2121,330.12,12.42,89,0,0.3405,b2b_services,email,cross_sell,28.65,0.284,0,8,0.2464,7,7,0.401,0.4878,,2025-12-04 11:35:00,1
B2C,244,66.3,9.22,8,82,0.2395,pet_care,sms,promo,24.88,0.1558,0,1,0.19,1,2,0.1668,0.2203,47.0,2025-11-18 12:10:00,0
B2C,621,60.74,4.47,9,0,0.133,beauty,sms,reminder,37.38,0.017,1,4,0.1457,3,0,0.0,0.1143,38.0,2025-03-31 11:00:00,0
B2C,229,33.27,5.27,3,24,0.1839,beauty,email,promo,10.36,0.0501,0,2,0.0152,20,4,0.0757,0.5139,50.0,2025-02-26 16:40:00,0
B2C,994,34.36,9.65,25,42,0.1609,home_goods,email,loyalty,0.0,0.0471,1,6,0.061,24,7,0.1827,0.1254,41.0,2025-06-21 09:20:00,1
B2C,428,42.29,8.34,11,104,0.077,retail,sms,seasonal,34.42,0.1773,1,2,0.2372,3,2,0.1101,0.2074,28.0,2025-03-02 12:15:00,0
B2C,692,18.38,13.44,21,119,0.1386,pharma,messenger,promo,17.78,0.0132,1,2,0.049,22,3,0.0494,0.2412,52.0,2025-04-03 13:10:00,0
B2B,1715,120.0,10.28,44,33,0.3438,retail,call,cross_sell,28.22,0.1302,1,9,0.1128,6,3,0.1593,0.1391,,2025-06-25 10:20:00,1
B2C,665,85.54,7.44,17,1,0.1972,fmcg,sms,loyalty,32.92,0.1499,0,3,0.2157,17,3,0.1774,0.3412,20.0,2025-06-15 13:20:00,0
B2C,289,23.65,6.77,6,69,0.1953,home_goods,sms,reactivation,9.31,0.0767,1,0,0.0,21,3,0.1221,0.3303,58.0,2025-02-22 16:15:00,0
B2C,294,27.4,8.36,8,37,0.0917,home_goods,sms,cross_sell,8.25,0.1713,0,3,0.321,23,1,0.2283,0.7729,42.0,2025-04-18 11:00:00,1
B2B,384,140.5,15.54,19,37,0.3092,electronics,messenger,promo,11.7,0.0535,1,3,0.1071,12,0,0.0379,0.265,,2025-07-12 13:30:00,1
B2B,913,120.0,11.44,32,8,0.1531,office_supplies,call,loyalty,0.0,0.279,0,6,0.2581,30,3,0.1878,0.6619,,2025-03-10 10:10:00,1
B2C,509,67.29,8.15,11,0,0.1276,electronics,email,reminder,16.4,0.1152,1,2,0.1055,32,1,0.2564,0.1097,38.0,2025-07-28 11:55:00,0
B2B,1655,137.6,10.19,36,0,0.1945,b2b_services,messenger,promo,37.48,0.2543,0,8,0.2504,6,3,0.305,0.6925,,2025-01-09 17:25:00,0
B2C,170,40.02,6.46,6,4,0.0495,fashion,sms,promo,0.0,0.1365,1,3,0.159,64,3,0.2972,0.8085,30.0,2025-11-09 16:45:00,0
B2C,721,55.96,6.08,10,9,0.3715,retail,messenger,reminder,23.14,0.0441,0,3,0.0,6,3,0.0278,0.4924,34.0,2025-07-05 17:10:00,0
B2C,279,34.01,3.0,1,109,0.0784,pharma,email,onboarding,13.61,0.1588,0,1,0.0926,9,3,0.0825,0.6519,18.0,2025-06-01 11:35:00,0
B2C,195,57.11,10.02,6,35,0.1285,fmcg,email,loyalty,19.35,0.0,1,0,0.0959,14,0,0.0997,0.4654,36.0,2025-05-28 12:30:00,0
B2C,111,52.44,9.03,2,32,0.0799,fashion,messenger,promo,27.39,0.3395,1,3,0.4365,10,1,0.4499,0.6657,31.0,2025-07-30 14:40:00,1
B2B,582,189.18,11.64,14,7,0.2122,office_supplies,email,reminder,29.89,0.2418,1,5,0.2793,2,8,0.2919,0.2728,,2025-07-30 16:45:00,1
B2C,169,105.17,3.36,1,120,0.0895,beauty,email,onboarding,22.42,0.0,1,3,0.0,16,3,0.0213,0.5312,37.0,2025-12-05 08:55:00,0
B2C,440,17.77,7.39,10,61,0.2342,fmcg,sms,reactivation,21.98,0.0412,1,3,0.0,10,2,0.0858,0.1472,53.0,2025-03-26 17:35:00,0
B2C,239,57.03,10.47,9,99,0.2562,beauty,sms,promo,38.99,0.1392,1,1,0.021,8,3,0.2019,0.5126,59.0,2025-11-03 12:50:00,0
B2C,247,21.39,5.34,4,40,0.0586,electronics,sms,cross_sell,7.16,0.0304,0,5,0.1418,8,3,0.0,0.3164,29.0,2025-04-11 13:20:00,0
B2B,1189,132.33,9.1,17,31,0.1134,pharma,sms,reactivation,20.44,0.0918,1,7,0.0098,9,2,0.2723,0.2362,,2025-01-16 14:40:00,0
B2C,1569,56.09,7.72,36,39,0.2194,home_goods,call,promo,8.13,0.1536,0,5,0.1455,26,2,0.213,0.701,44.0,2025-04-11 16:35:00,0
B2B,499,154.52,5.46,9,102,0.1415,office_supplies,call,promo,9.88,0.0,0,2,0.0,13,2,0.1145,0.5894,,2025-12-04 13:15:00,0
B2C,732,40.79,5.12,12,61,0.2257,fmcg,sms,cross_sell,44.25,0.0797,0,5,0.1683,2,2,0.2053,0.192,52.0,2025-10-05 11:25:00,1
B2C,671,38.2,8.0,15,31,0.1727,electronics,messenger,loyalty,30.06,0.1144,1,4,0.1243,24,2,0.0888,0.3959,25.0,2025-05-17 16:50:00,0
B2C,952,59.12,9.21,10,53,0.0425,beauty,email,seasonal,31.06,0.1147,0,5,0.1245,17,3,0.1865,0.2566,38.0,2025-05-16 11:25:00,0
B2B,607,120.0,9.53,21,56,0.2107,retail,call,seasonal,14.81,0.1057,1,3,0.1309,18,2,0.0269,0.8531,,2025-03-30 11:00:00,0
B2C,643,68.57,5.94,10,118,0.0579,pet_care,email,reactivation,0.0,0.1123,0,3,0.1154,39,5,0.1029,0.5683,26.0,2025-06-01 13:45:00,0
B2C,507,43.03,11.46,14,29,0.1509,fashion,messenger,reminder,0.0,0.3118,0,2,0.2712,44,2,0.3447,0.8982,30.0,2025-09-21 12:25:00,0
B2C,622,52.77,13.05,25,20,0.3261,fashion,email,reminder,38.74,0.3083,1,0,0.3127,25,3,0.3496,0.5352,30.0,2025-12-14 15:30:00,0
B2C,1312,37.92,10.16,40,27,0.1874,fmcg,email,reactivation,16.16,0.1101,1,5,0.2503,11,3,0.1766,0.6845,42.0,2025-07-29 14:30:00,0
B2C,934,26.87,9.06,14,36,0.1923,electronics,call,cross_sell,37.3,0.0,0,5,0.0201,8,2,0.056,0.2102,34.0,2025-12-05 14:00:00,0
B2C,521,35.46,12.74,15,59,0.1756,fashion,sms,seasonal,6.7,0.1278,0,4,0.1176,13,2,0.2161,0.3975,35.0,2025-11-17 13:50:00,0
B2B,1500,510.72,16.39,59,38,0.349,retail,email,loyalty,47.89,0.2938,0,5,0.1466,3,7,0.2515,0.5003,,2025-11-12 09:15:00,0
B2B,271,147.31,12.88,8,25,0.1307,retail,messenger,promo,8.08,0.1818,0,2,0.1078,3,0,0.1969,0.2459,,2025-02-18 12:20:00,0
B2C,747,65.03,11.43,24,16,0.2908,electronics,email,loyalty,28.04,0.1823,0,3,0.188,18,3,0.0269,0.3878,33.0,2025-01-16 11:55:00,0
B2C,348,28.52,10.7,14,11,0.3686,home_goods,sms,promo,42.89,0.2351,1,1,0.3303,5,1,0.1929,0.1936,23.0,2025-01-24 16:20:00,1
B2C,205,63.38,0.5,1,152,0.0316,fashion,messenger,cross_sell,0.0,0.0,0,5,0.0042,36,2,0.0,0.1318,18.0,2025-03-12 17:50:00,0
B2C,83,32.54,5.86,1,35,0.2702,fashion,messenger,onboarding,34.63,0.0,1,4,0.0452,4,7,0.0043,0.3953,37.0,2025-01-06 12:25:00,0
B2C,719,18.04,1.25,5,154,0.1597,fashion,sms,cross_sell,11.21,0.0,0,5,0.0,15,2,0.0,0.7089,18.0,2025-08-24 14:30:00,0
B2C,301,46.21,6.83,6,46,0.2489,pet_care,email,promo,26.55,0.2253,0,3,0.2274,32,2,0.3763,0.4639,28.0,2025-05-06 15:55:00,0
B2B,708,295.94,12.42,28,13,0.2968,b2b_services,email,cross_sell,27.32,0.241,0,4,0.2902,23,1,0.2394,0.7992,,2025-06-09 11:30:00,1
B2C,367,70.38,2.19,2,119,0.1113,retail,sms,promo,0.0,0.0916,0,2,0.0627,34,2,0.046,0.4743,26.0,2025-09-27 18:50:00,0
B2C,479,31.09,8.37,12,54,0.1829,home_goods,sms,loyalty,15.96,0.1829,1,3,0.1877,20,3,0.2183,0.3079,37.0,2025-09-11 13:20:00,0
B2B,494,120.0,12.52,18,0,0.227,electronics,email,promo,44.83,0.3421,1,5,0.4436,4,0,0.4034,0.6474,,2025-09-30 10:40:00,1
B2C,694,37.68,8.82,14,53,0.2742,retail,email,reminder,16.28,0.154,0,4,0.236,27,7,0.2277,0.1813,37.0,2025-08-20 15:30:00,0
B2C,705,74.79,6.07,10,85,0.1213,home_goods,email,onboarding,31.6,0.0616,1,6,0.1252,7,7,0.0982,0.3392,44.0,2025-04-13 15:40:00,0
B2C,416,34.9,5.94,7,52,0.055,pet_care,sms,promo,0.0,0.2411,0,1,0.1702,46,2,0.1976,0.3693,45.0,2025-10-20 18:40:00,0
B2C,1314,35.02,4.02,16,25,0.4212,retail,sms,seasonal,23.7,0.1541,1,5,0.1166,7,7,0.1938,0.5062,46.0,2025-11-14 12:25:00,1
B2C,389,123.53,6.1,9,90,0.2964,pharma,email,promo,22.85,0.0457,0,2,0.046,20,3,0.1276,0.3981,38.0,2025-06-05 10:45:00,0
B2B,1220,120.0,5.14,17,20,0.0946,b2b_services,call,cross_sell,22.12,0.2043,1,4,0.2972,8,6,0.1846,0.3448,,2025-07-26 11:00:00,0
B2B,1053,141.04,3.91,11,89,0.1641,retail,email,cross_sell,0.0,0.0369,0,4,0.0023,13,1,0.1135,0.6481,,2025-06-14 16:45:00,1
B2C,1076,27.28,9.48,36,74,0.1593,fmcg,email,cross_sell,16.14,0.1084,0,4,0.0832,11,4,0.118,0.3744,53.0,2025-06-02 13:45:00,0
B2C,331,47.34,8.34,9,62,0.2611,fmcg,sms,reminder,10.79,0.15,1,2,0.0845,33,5,0.0899,0.8665,62.0,2025-06-03 15:30:00,1
B2B,382,173.1,11.81,12,39,0.184,b2b_services,call,promo,0.0,0.1659,0,4,0.257,31,2,0.0783,0.5758,,2025-10-30 15:30:00,0
B2B,1390,446.58,11.41,52,35,0.3188,retail,email,cross_sell,43.59,0.1787,0,8,0.1896,4,3,0.2006,0.2089,,2025-11-21 13:05:00,0
B2C,818,36.65,8.96,19,0,0.2657,beauty,sms,loyalty,19.11,0.2413,1,3,0.383,32,2,0.2203,0.1496,35.0,2025-06-14 11:30:00,0
B2C,292,45.67,0.5,1,226,0.0,fashion,email,cross_sell,13.18,0.0,0,3,0.0704,7,2,0.0667,0.6724,26.0,2025-09-01 10:55:00,0
B2C,317,56.28,6.28,7,0,0.2569,home_goods,messenger,cross_sell,30.89,0.0992,0,6,0.0042,16,2,0.0891,0.3285,18.0,2025-03-14 11:40:00,1
B2C,295,29.49,7.18,5,51,0.2558,home_goods,messenger,reminder,7.26,0.0906,1,3,0.0,8,2,0.0808,0.1552,49.0,2025-08-23 17:45:00,0
B2C,352,47.52,9.93,12,28,0.2923,beauty,sms,reminder,22.47,0.122,1,1,0.0797,8,3,0.1911,0.4441,43.0,2025-10-09 13:55:00,0
B2C,933,37.69,4.09,11,76,0.0819,fmcg,sms,cross_sell,12.09,0.1801,0,7,0.1161,37,5,0.1319,0.2686,18.0,2025-11-01 14:30:00,0
B2C,487,47.3,5.91,9,41,0.0713,beauty,messenger,promo,10.69,0.0685,1,1,0.1129,37,3,0.0,0.5452,25.0,2025-12-24 18:15:00,0
B2C,376,48.46,10.19,3,11,0.1131,retail,call,promo,34.17,0.1909,1,1,0.1768,6,2,0.0431,0.4157,49.0,2025-12-21 11:10:00,0
B2B,830,120.0,12.33,33,0,0.3755,retail,email,promo,36.66,0.2428,1,4,0.2551,2,5,0.404,0.6428,,2025-05-02 16:50:00,1
B2C,516,26.69,9.7,16,70,0.313,pet_care,sms,cross_sell,32.71,0.0,1,2,0.0124,11,3,0.188,0.5984,32.0,2025-01-15 16:20:00,1
B2C,478,82.42,10.25,14,97,0.2669,fashion,sms,promo,42.84,0.3056,0,5,0.2493,3,0,0.2773,0.1935,40.0,2025-01-12 11:25:00,1
B2B,118,242.23,11.07,4,9,0.1344,b2b_services,call,promo,19.37,0.0953,0,4,0.0593,23,2,0.1382,0.4001,,2025-01-25 11:05:00,0
B2C,243,67.37,8.39,7,20,0.2463,fashion,sms,promo,14.67,0.0881,0,3,0.0615,31,1,0.0823,0.1575,18.0,2025-10-06 12:45:00,0
B2C,595,43.24,3.2,6,86,0.1681,fashion,email,cross_sell,14.15,0.0,0,2,0.0,15,3,0.1504,0.3661,41.0,2025-08-16 08:40:00,0
B2C,921,44.93,6.08,12,26,0.129,fashion,email,promo,7.34,0.0185,0,1,0.0033,33,1,0.0,0.7687,44.0,2025-06-06 16:55:00,0
B2C,274,37.02,6.85,4,47,0.2766,home_goods,sms,promo,19.76,0.1261,0,1,0.1638,30,0,0.0964,0.629,69.0,2025-06-13 12:15:00,0
B2C,228,88.29,10.97,6,20,0.3092,electronics,sms,promo,15.17,0.2003,1,4,0.1991,18,2,0.2663,0.5277,28.0,2025-03-05 13:40:00,1
B2C,215,41.25,2.16,2,100,0.0,electronics,messenger,reactivation,5.66,0.0,1,2,0.0,49,4,0.0,0.4147,41.0,2025-06-22 16:55:00,0
B2B,339,551.46,12.8,13,26,0.2852,pharma,email,onboarding,42.14,0.3503,1,2,0.3641,10,4,0.4085,0.3824,,2025-03-07 12:30:00,0
B2C,351,32.63,7.54,8,0,0.1125,pet_care,sms,onboarding,26.38,0.1462,0,3,0.2363,8,0,0.1209,0.327,59.0,2025-09-07 09:20:00,0
B2C,766,75.77,6.59,15,97,0.2622,electronics,email,reactivation,31.17,0.0,1,4,0.0718,7,3,0.04,0.0696,27.0,2025-05-01 14:05:00,0
B2C,287,37.26,10.28,11,44,0.2739,retail,messenger,reminder,34.82,0.2537,1,3,0.2475,8,0,0.3604,0.2312,43.0,2025-11-26 16:00:00,1
B2C,231,83.72,5.53,4,47,0.1342,retail,email,seasonal,25.15,0.1466,1,5,0.1665,27,3,0.148,0.2228,49.0,2025-03-01 09:55:00,0
B2B,219,120.0,12.18,5,0,0.2296,electronics,call,loyalty,11.39,0.1881,0,4,0.1506,5,1,0.2485,0.4379,,2025-08-01 15:50:00,0
B2C,516,41.08,5.46,9,41,0.2972,home_goods,email,seasonal,53.67,0.1241,1,4,0.0,9,2,0.2003,0.2231,25.0,2025-11-01 13:50:00,1
B2C,141,43.95,6.18,1,24,0.2119,electronics,sms,reminder,12.1,0.1222,1,4,0.1991,21,1,0.1589,0.4708,18.0,2025-12-04 12:00:00,0
B2B,1082,120.0,17.68,68,57,0.3953,office_supplies,email,reminder,20.82,0.3277,1,4,0.3524,11,4,0.3546,0.7001,,2025-10-28 11:05:00,1
B2C,648,41.05,13.21,20,77,0.3905,pharma,email,cross_sell,35.67,0.3303,0,3,0.2335,24,3,0.2851,0.2073,34.0,2025-06-27 10:45:00,1
B2C,748,39.43,0.5,2,132,0.0575,electronics,email,onboarding,0.0,0.0,1,6,0.0446,8,4,0.0,0.5844,51.0,2025-06-14 13:30:00,0
B2C,107,51.26,5.06,2,86,0.2665,electronics,email,onboarding,44.28,0.2172,0,2,0.3152,2,2,0.2347,0.563,39.0,2025-07-06 08:00:00,0
B2C,240,25.52,15.93,10,17,0.4111,home_goods,messenger,reminder,47.59,0.3431,1,4,0.3199,15,1,0.3961,0.507,38.0,2025-02-07 15:25:00,0
B2B,1056,187.57,5.06,11,9,0.2205,b2b_services,email,promo,9.63,0.1226,0,6,0.1176,23,1,0.0828,0.6322,,2025-10-14 13:45:00,0
B2C,501,38.14,6.2,11,80,0.266,electronics,email,promo,44.2,0.1427,0,5,0.0,6,2,0.1943,0.6474,28.0,2025-10-27 10:00:00,1
B2C,391,56.73,2.64,2,81,0.2433,home_goods,sms,onboarding,51.09,0.0604,1,4,0.0,2,1,0.0111,0.1932,31.0,2025-06-05 10:40:00,0
B2B,891,236.36,13.63,31,0,0.2101,electronics,call,loyalty,21.02,0.3413,0,6,0.1984,10,6,0.3463,0.6385,,2025-06-15 13:35:00,0
B2C,537,35.82,10.32,18,52,0.1248,fmcg,messenger,promo,22.11,0.1421,0,5,0.1935,9,5,0.2745,0.3411,22.0,2025-01-30 16:30:00,0
B2B,431,138.71,8.21,11,82,0.1594,electronics,call,cross_sell,7.09,0.1452,0,2,0.1102,8,1,0.0779,0.3887,,2025-01-10 11:50:00,0
B2C,66,87.72,6.12,1,41,0.188,fmcg,email,onboarding,41.11,0.1902,1,1,0.2872,22,1,0.0737,0.6782,31.0,2025-12-27 09:05:00,0
B2C,332,51.94,9.84,10,17,0.3375,beauty,sms,onboarding,39.37,0.2191,1,3,0.3182,23,5,0.0191,0.1982,31.0,2025-12-19 18:15:00,0
B2C,420,81.1,7.42,9,36,0.1948,fashion,sms,seasonal,34.56,0.0781,1,3,0.1017,1,1,0.1411,0.3693,31.0,2025-06-16 09:30:00,0
B2C,106,69.67,11.29,5,49,0.1283,home_goods,messenger,reminder,24.45,0.2779,1,2,0.3537,26,2,0.3414,0.232,40.0,2025-07-10 10:25:00,0
B2C,384,54.46,5.83,7,16,0.1413,electronics,sms,reminder,0.0,0.1775,0,0,0.183,21,1,0.2316,0.1039,41.0,2025-09-04 11:45:00,0
B2B,121,224.42,5.24,1,62,0.1755,retail,call,onboarding,19.98,0.1292,1,6,0.0881,7,1,0.1834,0.4924,,2025-05-26 12:55:00,1
B2C,114,57.42,8.1,2,18,0.2498,pet_care,email,onboarding,51.09,0.1945,1,3,0.3092,2,3,0.1081,0.8994,40.0,2025-06-11 10:15:00,0
B2C,506,114.74,5.8,11,73,0.0,home_goods,email,cross_sell,0.0,0.0,0,1,0.0004,27,0,0.0,0.2068,60.0,2025-04-20 15:30:00,0
B2C,230,40.09,0.77,1,212,0.0617,fashion,email,onboarding,0.0,0.0,0,3,0.0929,18,4,0.0804,0.3849,52.0,2025-10-28 11:35:00,0
B2B,593,129.44,6.19,7,60,0.1635,electronics,email,onboarding,12.82,0.0,0,5,0.0,4,4,0.0,0.8209,,2025-04-05 17:15:00,0
B2C,925,27.66,2.4,7,93,0.2613,pet_care,sms,reminder,33.84,0.0,1,5,0.0,8,1,0.0851,0.6228,24.0,2025-12-14 15:15:00,0
B2C,183,75.61,12.05,6,61,0.1355,fashion,sms,loyalty,4.14,0.0407,1,1,0.2218,25,3,0.0,0.3112,43.0,2025-01-22 15:45:00,0
B2C,351,41.3,9.47,8,67,0.23,pet_care,sms,reminder,18.88,0.1004,1,2,0.2274,17,2,0.1074,0.1275,41.0,2025-11-06 14:40:00,1
B2B,1849,174.88,6.2,40,44,0.2653,office_supplies,email,promo,2.18,0.1336,0,9,0.0819,25,3,0.063,0.304,,2025-09-19 11:00:00,0
B2C,897,64.89,6.81,15,95,0.2398,electronics,email,seasonal,32.88,0.0689,1,4,0.0892,18,7,0.0763,0.5176,43.0,2025-11-06 08:40:00,0
B2C,146,97.18,9.32,2,47,0.0631,fashion,email,cross_sell,4.17,0.0482,1,9,0.0052,34,0,0.1131,0.3868,43.0,2025-04-16 13:15:00,0
B2C,200,30.67,12.97,7,56,0.3018,fmcg,email,cross_sell,55.5,0.2321,0,1,0.2845,1,1,0.1796,0.4647,36.0,2025-11-29 11:20:00,0
B2B,1104,155.1,9.43,24,44,0.2682,retail,call,cross_sell,15.27,0.2192,0,7,0.201,12,5,0.2317,0.1769,,2025-07-26 13:45:00,0
B2C,157,31.25,6.57,2,37,0.2714,beauty,sms,seasonal,30.05,0.1062,0,3,0.0674,2,1,0.0423,0.4871,29.0,2025-08-10 18:35:00,1
B2C,378,50.61,7.92,9,58,0.1902,beauty,email,promo,17.26,0.0615,0,2,0.0592,12,0,0.0653,0.3993,52.0,2025-09-18 13:45:00,0
B2B,568,120.0,5.15,5,73,0.1081,retail,call,promo,5.17,0.0132,0,4,0.0447,6,2,0.0,0.5865,,2025-04-10 17:15:00,0
B2B,608,120.0,8.87,12,89,0.1095,electronics,email,promo,0.0,0.0459,1,2,0.0772,42,3,0.0,0.2134,,2025-11-25 11:45:00,0
B2C,184,64.14,8.77,5,48,0.0675,pharma,sms,loyalty,1.57,0.1278,0,0,0.1853,32,2,0.017,0.5639,39.0,2025-11-09 14:20:00,0
B2C,428,27.58,7.87,10,93,0.1164,beauty,sms,promo,28.19,0.1471,1,4,0.1178,17,4,0.0,0.7179,38.0,2025-04-18 11:35:00,0
B2C,386,42.54,10.13,16,75,0.2525,beauty,messenger,reminder,29.65,0.0216,1,6,0.0398,7,1,0.041,0.8871,55.0,2025-01-05 15:05:00,0
B2B,445,182.87,8.23,9,63,0.1706,electronics,email,cross_sell,2.26,0.0,0,8,0.1095,14,1,0.0,0.0506,,2025-09-02 16:25:00,0
B2C,887,65.47,7.07,20,80,0.2399,beauty,messenger,reminder,18.1,0.2145,1,4,0.2434,18,2,0.2124,0.4623,40.0,2025-12-09 17:35:00,0
B2C,299,37.9,10.13,7,37,0.0358,retail,email,cross_sell,0.0,0.0622,0,2,0.0081,52,3,0.1307,0.8161,28.0,2025-10-05 11:50:00,0
B2C,416,26.49,10.93,9,32,0.0185,fmcg,email,seasonal,18.02,0.1375,1,4,0.0918,10,3,0.1513,0.4698,40.0,2025-09-14 09:25:00,1
B2C,770,47.86,8.44,17,33,0.2978,fashion,call,reactivation,37.95,0.1963,1,3,0.204,6,2,0.0466,0.9258,43.0,2025-04-04 14:30:00,1
B2B,131,120.0,10.2,4,23,0.2195,electronics,email,promo,12.02,0.1044,0,6,0.0859,15,2,0.1547,0.6386,,2025-01-09 12:30:00,0
B2C,685,26.44,5.42,11,58,0.1989,retail,messenger,loyalty,28.92,0.1442,0,1,0.1796,9,2,0.0,0.3521,30.0,2025-09-12 19:10:00,0
B2C,1247,64.79,7.45,29,12,0.382,electronics,call,promo,29.11,0.1414,0,5,0.0455,32,6,0.206,0.4126,44.0,2025-07-17 09:00:00,1
B2B,113,177.14,13.87,3,51,0.156,office_supplies,call,promo,21.53,0.2395,0,7,0.1421,19,1,0.1587,0.6877,,2025-08-16 09:30:00,0
B2C,783,123.39,11.81,24,15,0.2876,electronics,messenger,cross_sell,0.0,0.2433,1,4,0.1672,71,5,0.3702,0.163,37.0,2025-11-22 18:25:00,1
B2C,280,29.79,8.82,9,38,0.2478,home_goods,email,loyalty,21.0,0.1954,0,3,0.3098,35,5,0.1858,0.3773,35.0,2025-05-05 10:35:00,0
B2C,280,66.05,10.27,7,79,0.1102,electronics,sms,reactivation,29.24,0.2007,1,0,0.2255,10,4,0.0975,0.787,37.0,2025-12-15 17:35:00,0
B2C,695,40.24,13.89,32,73,0.3353,retail,email,loyalty,30.53,0.1432,1,3,0.1883,14,1,0.0659,0.4516,32.0,2025-04-05 10:10:00,1
B2C,136,44.95,5.57,1,27,0.231,retail,messenger,seasonal,20.38,0.0961,1,1,0.1093,6,2,0.0506,0.3967,42.0,2025-10-31 15:35:00,0
B2C,445,34.12,3.17,2,93,0.0414,electronics,email,onboarding,11.91,0.1603,0,4,0.2465,13,0,0.2306,0.3573,20.0,2025-11-20 12:05:00,0
B2B,538,292.98,2.0,3,81,0.1008,retail,email,reactivation,19.3,0.0,0,1,0.0,12,1,0.0,0.3146,,2025-10-03 16:20:00,0
B2C,73,29.71,6.65,2,0,0.0761,fmcg,email,loyalty,20.37,0.189,1,2,0.1672,21,3,0.1173,0.3137,48.0,2025-09-07 10:40:00,0
B2B,1012,121.28,10.31,33,13,0.3334,pharma,email,cross_sell,50.65,0.309,0,5,0.1978,9,2,0.3099,0.7098,,2025-06-18 11:10:00,1
B2C,463,31.74,3.38,3,58,0.2278,home_goods,email,promo,15.76,0.0,0,2,0.0,13,2,0.128,0.6131,50.0,2025-08-14 09:00:00,1
B2C,843,38.26,8.99,11,62,0.2014,beauty,email,promo,20.3,0.1489,0,3,0.3636,17,1,0.1311,0.3047,23.0,2025-10-25 11:25:00,0
B2C,133,79.49,8.61,4,52,0.1948,fmcg,sms,cross_sell,13.4,0.1496,0,5,0.1624,27,1,0.1276,0.2469,34.0,2025-01-12 10:50:00,0
B2B,467,283.07,19.98,25,5,0.2548,office_supplies,email,reminder,0.75,0.1045,1,3,0.1482,7,2,0.1089,0.5159,,2025-05-30 08:35:00,0
B2C,333,51.99,5.74,4,4,0.0795,pet_care,email,reminder,7.84,0.0,1,2,0.0,23,1,0.0,0.4381,25.0,2025-01-18 09:40:00,0
B2C,240,62.26,4.21,4,67,0.2016,pet_care,sms,promo,32.09,0.0846,1,3,0.0874,19,3,0.0716,0.7011,18.0,2025-03-10 16:50:00,0
B2C,667,78.6,9.01,11,39,0.2993,fashion,messenger,cross_sell,38.02,0.2251,1,9,0.3275,7,3,0.2165,0.7018,55.0,2025-07-23 19:40:00,0
B2C,340,50.74,5.61,6,76,0.2381,beauty,messenger,promo,27.49,0.0648,0,0,0.0573,6,3,0.0,0.5196,48.0,2025-08-24 10:20:00,0
B2B,858,408.02,6.92,11,0,0.2282,pharma,email,loyalty,5.91,0.1556,0,4,0.1807,29,6,0.2206,0.4356,,2025-10-16 09:05:00,1
B2C,327,90.72,10.8,7,76,0.1544,home_goods,email,seasonal,12.73,0.0413,1,3,0.0806,5,1,0.1058,0.2395,41.0,2025-02-20 16:15:00,1
B2C,225,36.48,12.86,10,70,0.3556,fmcg,email,reminder,50.61,0.1203,0,5,0.0652,1,0,0.1797,0.3866,25.0,2025-11-23 11:00:00,1
B2C,633,42.55,14.05,29,2,0.3966,retail,messenger,cross_sell,43.94,0.3163,0,3,0.477,6,2,0.3042,0.569,49.0,2025-12-06 18:45:00,1
B2B,1093,290.01,5.28,20,47,0.2315,pharma,email,reminder,0.0,0.0152,1,3,0.0,18,3,0.1345,0.6041,,2025-03-12 08:25:00,0
B2C,414,48.54,10.08,11,82,0.1778,pharma,sms,reminder,25.91,0.1395,0,1,0.3079,7,4,0.211,0.4977,41.0,2025-09-16 18:35:00,0
B2C,830,40.69,5.74,17,19,0.1638,electronics,sms,onboarding,29.25,0.1241,0,3,0.1354,11,1,0.1346,0.4982,41.0,2025-08-04 17:00:00,0
B2C,286,28.04,4.1,4,56,0.1362,pet_care,sms,seasonal,8.67,0.153,0,4,0.0754,12,3,0.1231,0.1945,59.0,2025-07-26 15:15:00,0
B2C,521,24.75,9.31,13,52,0.3389,pet_care,sms,cross_sell,35.62,0.084,0,2,0.0,10,1,0.0547,0.3699,33.0,2025-10-21 09:20:00,1
B2C,1490,34.33,12.15,40,0,0.1979,electronics,email,promo,29.03,0.3497,1,6,0.3181,22,5,0.362,0.7482,42.0,2025-08-26 15:05:00,1
B2C,389,58.63,7.96,10,46,0.2272,electronics,email,promo,4.66,0.1469,0,5,0.1705,27,2,0.0231,0.436,38.0,2025-07-06 16:10:00,0
B2C,164,23.01,11.66,5,26,0.1351,pharma,email,seasonal,19.46,0.1861,1,2,0.1965,8,5,0.1772,0.3304,34.0,2025-08-16 11:15:00,0
B2C,675,38.45,11.61,21,0,0.2366,fashion,email,loyalty,27.39,0.2263,1,4,0.2557,13,3,0.1594,0.6405,28.0,2025-11-24 11:40:00,0
B2C,249,31.7,3.04,1,76,0.002,beauty,email,reactivation,7.38,0.0,1,1,0.0503,13,1,0.0,0.7385,41.0,2025-02-28 09:55:00,0
B2C,606,50.33,6.44,6,86,0.07,home_goods,email,cross_sell,14.81,0.0481,0,5,0.0,23,2,0.0,0.6309,22.0,2025-10-16 16:35:00,0
B2C,553,25.29,4.59,8,46,0.1814,pharma,email,promo,4.72,0.0709,0,10,0.2399,27,2,0.0813,0.4593,45.0,2025-08-03 10:15:00,0
B2C,469,42.46,9.59,15,97,0.205,fmcg,sms,loyalty,30.95,0.0942,0,3,0.0892,5,3,0.0909,0.5321,18.0,2025-06-20 13:00:00,0
B2B,1654,187.41,6.91,22,30,0.2898,pharma,email,cross_sell,31.98,0.0526,0,8,0.0439,7,5,0.0457,0.3453,,2025-07-10 14:35:00,0
B2C,534,63.31,8.38,11,37,0.2627,retail,sms,loyalty,26.11,0.1082,1,5,0.1455,0,1,0.0,0.3962,35.0,2025-03-09 13:10:00,0
B2C,329,55.86,7.43,7,54,0.2327,fashion,email,cross_sell,46.46,0.1314,0,2,0.052,3,4,0.1371,0.5051,50.0,2025-11-28 17:10:00,1
B2C,538,26.53,5.36,7,47,0.228,fashion,email,reactivation,21.19,0.0418,1,5,0.0,2,6,0.0,0.5546,44.0,2025-11-30 13:20:00,1
B2C,386,64.43,6.85,8,57,0.0772,fmcg,messenger,promo,8.83,0.0403,0,5,0.1052,8,0,0.1076,0.5249,59.0,2025-04-28 14:10:00,0
B2C,331,53.01,6.49,5,65,0.0873,home_goods,sms,promo,0.0,0.0799,0,4,0.0624,30,2,0.1737,0.0858,41.0,2025-01-29 11:30:00,0
B2C,905,78.33,6.52,17,61,0.0847,electronics,messenger,seasonal,9.03,0.0,1,3,0.0,18,2,0.012,0.3238,43.0,2025-07-18 15:40:00,0
B2C,555,63.04,8.83,17,0,0.4363,retail,sms,promo,42.13,0.244,1,2,0.3568,13,2,0.0522,0.7701,43.0,2025-06-08 12:30:00,1
B2C,267,23.34,14.4,5,36,0.1822,fashion,email,reminder,29.76,0.2726,1,2,0.2048,20,1,0.3699,0.0983,47.0,2025-08-25 16:35:00,0
B2C,542,94.39,2.75,4,117,0.1264,retail,email,promo,13.45,0.0777,0,3,0.0917,11,1,0.0991,0.7186,52.0,2025-07-18 12:50:00,0
B2C,685,27.13,11.87,22,42,0.2675,fmcg,email,promo,31.73,0.2218,0,3,0.2754,3,4,0.1906,0.4612,35.0,2025-10-04 09:30:00,0
B2C,1380,81.3,13.38,73,17,0.2425,electronics,email,promo,28.4,0.3184,1,4,0.383,6,1,0.3337,0.4745,45.0,2025-12-03 08:50:00,0
B2C,1272,48.65,7.37,33,16,0.4078,electronics,email,reactivation,41.31,0.1392,1,6,0.2314,9,3,0.0622,0.5626,27.0,2025-05-23 14:15:00,0
B2B,345,120.0,12.38,10,53,0.1111,b2b_services,email,onboarding,24.01,0.2306,0,4,0.2177,12,1,0.2601,0.1138,,2025-03-24 08:30:00,0
B2C,292,58.89,13.24,10,0,0.1806,fashion,sms,seasonal,25.16,0.2301,0,2,0.3523,13,5,0.1485,0.3185,45.0,2025-03-26 16:00:00,0
B2C,1091,29.0,11.39,37,31,0.2645,electronics,messenger,reminder,41.02,0.3047,1,3,0.3412,7,4,0.3385,0.1645,25.0,2025-10-23 12:20:00,1
B2C,207,18.22,9.92,8,23,0.1936,fmcg,email,promo,20.65,0.0889,0,1,0.0,15,1,0.1231,0.5665,33.0,2025-10-12 11:45:00,1
B2C,308,47.84,9.85,7,0,0.2859,retail,email,cross_sell,12.31,0.1351,0,0,0.0802,29,3,0.1998,0.7052,57.0,2025-01-17 13:15:00,1
B2C,456,54.8,8.27,9,44,0.2828,beauty,sms,promo,22.78,0.1,1,6,0.0157,12,2,0.1443,0.6498,49.0,2025-10-28 11:05:00,0
B2C,719,35.93,7.39,16,0,0.1773,beauty,email,seasonal,27.78,0.1807,1,1,0.2195,12,1,0.2523,0.178,39.0,2025-01-03 11:40:00,1
B2C,1589,31.99,12.71,65,18,0.3166,retail,email,loyalty,0.0,0.1384,0,3,0.173,52,5,0.0877,0.4648,33.0,2025-07-23 13:45:00,1
B2C,268,37.54,0.5,1,183,0.0154,fmcg,messenger,reactivation,0.0,0.0,1,1,0.0078,32,1,0.0,0.1442,38.0,2025-05-12 14:50:00,0
B2B,485,120.0,8.57,7,38,0.2062,b2b_services,email,promo,5.68,0.1706,1,5,0.1668,30,2,0.1244,0.7217,,2025-12-16 12:50:00,0
B2C,362,44.48,5.22,7,112,0.1106,electronics,messenger,promo,18.73,0.0111,0,1,0.0823,2,0,0.0922,0.3235,26.0,2025-11-23 12:10:00,0
B2C,112,53.62,8.97,3,15,0.2646,home_goods,email,reminder,37.79,0.1482,1,1,0.1559,20,2,0.0,0.4012,49.0,2025-06-15 14:45:00,0
B2C,559,47.53,8.63,20,31,0.207,electronics,email,promo,26.48,0.148,0,3,0.0979,18,0,0.2274,0.7163,24.0,2025-05-19 13:10:00,1
B2C,684,78.44,13.27,23,74,0.196,fmcg,messenger,cross_sell,29.0,0.324,0,3,0.3427,21,3,0.3099,0.3842,18.0,2025-04-27 19:20:00,0
B2C,233,12.0,9.03,4,0,0.3402,electronics,email,reminder,37.56,0.1124,1,1,0.0611,4,1,0.0271,0.6489,35.0,2025-12-17 11:30:00,1
B2C,525,32.07,13.14,14,37,0.2176,beauty,sms,promo,45.22,0.3193,0,4,0.4479,10,0,0.1509,0.5255,35.0,2025-04-11 11:30:00,0
B2C,809,49.9,10.51,24,30,0.3339,home_goods,messenger,cross_sell,28.61,0.1541,0,4,0.1572,21,4,0.2271,0.7769,53.0,2025-10-11 15:10:00,0
B2B,1098,120.0,6.24,30,56,0.1639,office_supplies,sms,promo,21.72,0.0848,1,5,0.0246,8,5,0.2311,0.5324,,2025-03-27 18:55:00,0
B2B,279,268.27,16.37,13,99,0.2479,pharma,email,reminder,26.23,0.0253,1,4,0.0,6,2,0.102,0.4373,,2025-08-31 11:15:00,0
B2C,458,76.38,8.05,12,25,0.0535,home_goods,email,cross_sell,0.72,0.1773,1,3,0.1702,30,3,0.2362,0.9149,26.0,2025-08-07 11:30:00,1
B2C,653,29.94,8.57,16,48,0.3364,fashion,messenger,promo,30.25,0.0893,1,5,0.0277,7,0,0.1159,0.8464,41.0,2025-07-04 19:25:00,1
B2C,1512,38.21,5.77,25,50,0.2775,pet_care,sms,promo,38.51,0.0296,1,5,0.1002,14,5,0.0694,0.8401,28.0,2025-10-04 10:10:00,0
B2B,671,294.08,2.66,5,113,0.0441,electronics,call,seasonal,0.0,0.0536,1,5,0.0031,17,2,0.0145,0.7374,,2025-03-03 10:55:00,1
B2B,464,244.57,17.56,23,1,0.3097,electronics,email,promo,10.76,0.2349,0,2,0.2262,15,3,0.3481,0.616,,2025-03-01 14:10:00,0
B2B,505,137.37,3.15,8,89,0.2183,b2b_services,sms,onboarding,11.97,0.0131,1,3,0.0,6,2,0.0,0.1794,,2025-04-26 18:25:00,0
B2C,666,56.57,7.02,10,80,0.1638,beauty,email,onboarding,4.07,0.0905,1,2,0.0693,49,2,0.0084,0.5037,40.0,2025-06-11 11:25:00,0
B2C,201,58.61,6.11,6,73,0.2359,pet_care,sms,reactivation,25.28,0.0822,0,5,0.1063,2,2,0.0829,0.2498,34.0,2025-03-10 15:50:00,1
B2C,189,69.06,5.8,4,35,0.2841,electronics,sms,onboarding,24.54,0.0,0,3,0.0176,4,3,0.077,0.2156,20.0,2025-01-26 10:45:00,0
B2C,230,37.4,8.55,4,0,0.2012,pharma,sms,loyalty,0.0,0.0603,0,4,0.1315,44,1,0.2219,0.0706,51.0,2025-10-12 10:45:00,1
B2B,297,120.0,16.11,14,8,0.3253,pharma,email,reminder,32.22,0.3349,1,4,0.2993,4,2,0.3567,0.2394,,2025-04-23 13:10:00,1
B2C,206,53.82,4.38,3,69,0.166,pharma,call,loyalty,0.0,0.0307,1,6,0.0,11,0,0.0,0.4984,39.0,2025-11-26 10:05:00,0
B2C,302,63.01,5.32,4,33,0.1448,retail,email,promo,0.0,0.0585,0,0,0.0,44,5,0.0797,0.5722,37.0,2025-03-22 14:15:00,0
B2C,412,53.54,6.3,11,63,0.1695,home_goods,email,reactivation,15.74,0.2583,1,1,0.2065,17,1,0.2917,0.4448,29.0,2025-05-30 12:05:00,1
B2C,461,37.49,10.7,10,47,0.2328,pharma,email,reminder,25.69,0.0588,1,3,0.1161,10,2,0.0,0.7452,26.0,2025-07-01 10:45:00,1
B2C,347,38.52,4.1,3,18,0.2619,retail,email,seasonal,35.28,0.1642,1,4,0.1953,8,2,0.055,0.6537,35.0,2025-06-23 10:30:00,1
B2C,271,67.6,10.77,7,7,0.3169,beauty,call,reminder,36.79,0.245,0,3,0.1624,4,3,0.3606,0.2456,38.0,2025-05-02 12:15:00,1
B2C,455,44.41,4.38,5,68,0.1419,pet_care,email,reminder,11.24,0.0681,1,2,0.0,18,2,0.1626,0.7558,26.0,2025-05-17 15:50:00,0
B2B,1124,271.1,11.81,42,10,0.3061,office_supplies,call,reminder,45.3,0.1586,0,6,0.1155,13,4,0.1806,0.0623,,2025-01-09 11:15:00,1
B2B,1286,138.07,13.9,40,0,0.4456,electronics,call,promo,41.66,0.1211,0,8,0.0654,3,2,0.0524,0.1317,,2025-04-10 09:55:00,0
B2B,1002,157.98,14.6,42,40,0.2163,retail,email,seasonal,31.89,0.216,0,3,0.1463,2,3,0.1264,0.2779,,2025-01-11 08:25:00,0
B2B,723,172.77,9.14,23,76,0.1281,office_supplies,call,reminder,9.5,0.21,1,2,0.1336,28,4,0.112,0.6356,,2025-06-20 13:25:00,1
B2C,125,64.19,4.39,2,47,0.3364,home_goods,email,promo,36.17,0.0,1,2,0.0,7,2,0.0,0.1718,18.0,2025-12-07 12:40:00,1
B2C,290,57.75,9.02,5,76,0.2004,pharma,messenger,promo,17.74,0.1367,1,3,0.2057,16,0,0.232,0.8154,43.0,2025-01-03 16:30:00,1
B2B,1423,239.88,16.65,68,65,0.2677,electronics,call,reactivation,33.26,0.3667,1,5,0.2617,0,6,0.4834,0.1859,,2025-11-22 10:50:00,1
B2C,371,31.41,9.14,4,85,0.1989,fashion,email,reactivation,10.51,0.1184,1,1,0.058,18,0,0.1111,0.2472,18.0,2025-12-23 13:05:00,0
B2B,719,206.63,7.06,14,12,0.2869,retail,call,cross_sell,18.83,0.1594,1,6,0.141,3,2,0.0706,0.3429,,2025-12-09 17:55:00,0
B2B,602,147.05,10.18,23,40,0.2466,electronics,email,reminder,0.0,0.1006,1,3,0.1917,14,5,0.138,0.588,,2025-07-13 14:25:00,0
B2B,771,343.56,8.05,17,10,0.2491,electronics,email,cross_sell,24.97,0.1576,0,7,0.1686,14,5,0.0961,0.3595,,2025-11-13 09:40:00,0
B2C,454,65.72,12.29,14,87,0.1877,fmcg,email,reminder,14.35,0.2725,1,2,0.2951,28,1,0.3862,0.3018,37.0,2025-05-13 10:15:00,1
B2C,443,32.86,5.65,8,26,0.1361,beauty,sms,loyalty,8.25,0.0597,0,2,0.0904,20,2,0.1057,0.2036,30.0,2025-11-02 18:55:00,0
B2C,352,42.56,5.41,5,49,0.1673,beauty,messenger,promo,17.38,0.03,0,2,0.0819,7,3,0.0066,0.2995,49.0,2025-09-18 19:40:00,0
B2B,706,120.0,15.38,38,0,0.2303,b2b_services,call,seasonal,16.78,0.1244,1,4,0.1121,13,4,0.1215,0.4355,,2025-01-13 15:05:00,1
B2C,386,34.19,9.04,12,0,0.2936,pharma,email,reminder,31.18,0.2427,1,1,0.2788,5,3,0.3185,0.5099,48.0,2025-03-19 12:05:00,1
B2C,1376,47.75,12.94,35,29,0.4507,home_goods,sms,promo,56.82,0.3461,0,3,0.4155,4,3,0.3548,0.585,36.0,2025-09-02 17:30:00,1
B2C,450,12.59,13.98,20,42,0.1201,fmcg,email,reminder,10.52,0.2095,1,3,0.2388,8,2,0.2214,0.2346,60.0,2025-03-24 10:40:00,0
B2C,91,25.74,10.84,3,12,0.1004,retail,email,reminder,15.2,0.0348,1,1,0.0172,4,0,0.0,0.3881,40.0,2025-09-13 13:25:00,1
B2B,221,120.0,3.52,1,109,0.1341,electronics,call,loyalty,15.11,0.0,0,4,0.1495,23,1,0.1031,0.2533,,2025-02-22 10:55:00,0
B2C,708,93.48,10.22,20,57,0.2938,electronics,sms,promo,25.91,0.1737,0,6,0.2278,16,3,0.0553,0.8053,18.0,2025-02-22 13:30:00,1
B2B,183,339.67,14.27,7,17,0.3022,home_goods,call,promo,44.54,0.3828,0,8,0.4102,5,1,0.4396,0.872,,2025-11-23 10:00:00,0
B2C,209,49.78,7.37,5,33,0.299,fmcg,email,reactivation,34.05,0.0499,1,3,0.1031,4,4,0.1524,0.1254,28.0,2025-02-17 13:10:00,0
B2B,920,195.86,13.16,38,3,0.4076,retail,email,loyalty,34.74,0.3221,1,5,0.3953,7,1,0.3717,0.4197,,2025-05-17 14:45:00,0
B2C,337,79.63,9.05,7,0,0.3944,home_goods,email,onboarding,50.74,0.1857,1,7,0.2116,6,2,0.197,0.4621,18.0,2025-11-01 11:25:00,1
B2C,107,58.34,5.9,1,58,0.2472,pet_care,messenger,cross_sell,28.23,0.0,0,1,0.0923,3,6,0.0455,0.5909,44.0,2025-02-27 18:45:00,1
B2B,1071,229.37,16.47,68,95,0.2484,home_goods,sms,seasonal,20.72,0.2437,1,7,0.2632,11,3,0.3442,0.61,,2025-09-28 18:30:00,1
B2B,1061,172.74,11.52,33,35,0.2407,pharma,call,promo,20.74,0.2862,1,8,0.2507,5,4,0.3517,0.72,,2025-07-21 15:45:00,1
B2C,258,61.81,4.76,4,56,0.2074,pharma,messenger,seasonal,0.35,0.0609,1,0,0.0,22,2,0.1007,0.9134,34.0,2025-08-12 15:10:00,1
B2C,126,41.47,14.79,5,117,0.1704,beauty,messenger,loyalty,28.54,0.3169,1,3,0.2712,20,2,0.3372,0.5064,39.0,2025-04-25 12:50:00,0
B2C,148,26.69,4.68,1,67,0.2679,beauty,email,onboarding,31.71,0.0,1,3,0.0933,5,1,0.0,0.4805,47.0,2025-01-02 08:15:00,0
B2C,407,30.41,6.85,9,60,0.2974,home_goods,email,promo,51.97,0.1591,0,3,0.1187,8,1,0.3947,0.9133,56.0,2025-05-20 10:50:00,0
B2B,1247,313.21,15.63,39,7,0.3198,electronics,email,seasonal,11.23,0.2753,1,8,0.2741,39,5,0.3528,0.6981,,2025-02-13 11:45:00,0
B2B,896,120.0,14.77,33,0,0.3295,electronics,email,loyalty,25.11,0.2494,0,4,0.2179,4,2,0.258,0.2199,,2025-06-14 16:00:00,0
B2C,376,31.92,9.76,10,10,0.1948,fmcg,messenger,loyalty,27.42,0.0914,0,3,0.0878,16,3,0.0,0.3895,46.0,2025-10-07 18:40:00,0
B2C,250,56.29,4.48,2,57,0.0,fmcg,sms,promo,0.0,0.075,0,1,0.0016,20,3,0.1575,0.4788,42.0,2025-10-25 11:45:00,1
B2C,99,27.4,2.81,2,70,0.1863,beauty,sms,onboarding,19.45,0.1952,1,2,0.2363,9,0,0.119,0.7219,37.0,2025-01-30 17:45:00,0
B2B,1157,139.49,12.24,28,12,0.3449,retail,messenger,promo,24.99,0.1457,0,10,0.18,9,7,0.0096,0.6526,,2025-11-19 12:35:00,0
B2C,262,24.92,10.41,7,33,0.1641,retail,sms,seasonal,23.21,0.3177,1,1,0.2457,18,3,0.3013,0.1798,47.0,2025-08-11 16:20:00,0
B2C,301,49.02,11.4,12,60,0.0409,pet_care,messenger,promo,0.27,0.2363,0,2,0.2754,36,1,0.323,0.3051,43.0,2025-07-02 15:40:00,0
B2B,2356,120.0,7.28,53,13,0.2011,retail,sms,cross_sell,24.89,0.1383,0,11,0.03,6,8,0.1077,0.3302,,2025-11-21 16:25:00,0
B2C,675,30.35,4.13,7,88,0.1995,electronics,sms,reminder,10.54,0.0,0,4,0.1013,12,5,0.0231,0.7161,57.0,2025-08-30 10:10:00,0
B2C,298,58.4,5.14,4,0,0.3617,electronics,sms,promo,38.81,0.2965,1,3,0.3697,33,4,0.1356,0.199,28.0,2025-10-12 09:15:00,1
B2C,615,62.38,4.62,7,90,0.1642,electronics,sms,promo,6.05,0.0205,0,2,0.0,11,1,0.1969,0.5646,44.0,2025-06-07 11:25:00,0
B2C,233,33.91,3.42,2,84,0.0,beauty,email,reactivation,9.57,0.0,1,6,0.0628,6,2,0.0301,0.1707,44.0,2025-04-26 17:20:00,0
B2C,719,93.5,5.75,15,40,0.1308,fashion,email,reactivation,0.0,0.0611,0,3,0.0752,22,1,0.2712,0.1736,31.0,2025-12-15 10:00:00,0
B2C,631,37.7,7.9,17,89,0.1585,retail,messenger,promo,31.49,0.0408,0,7,0.0,13,4,0.0,0.2855,59.0,2025-10-18 14:30:00,0
B2B,507,120.0,15.95,15,50,0.0801,pharma,call,cross_sell,11.23,0.1525,1,2,0.1946,19,3,0.1483,0.3953,,2025-08-05 11:10:00,0
B2B,1721,160.15,10.13,39,20,0.2881,b2b_services,email,promo,24.63,0.1566,0,10,0.197,4,2,0.1855,0.2354,,2025-07-28 08:50:00,0
B2B,1144,257.13,4.72,17,47,0.3127,electronics,email,loyalty,17.82,0.0521,0,1,0.0,4,5,0.2926,0.6167,,2025-01-07 08:15:00,1
B2B,722,202.9,13.98,33,9,0.3399,electronics,email,cross_sell,44.66,0.2646,0,6,0.1814,2,3,0.2638,0.731,,2025-08-18 16:55:00,0
B2B,1802,124.87,19.49,116,16,0.5203,retail,sms,cross_sell,49.49,0.5423,0,7,0.4483,2,4,0.332,0.2908,,2025-01-03 12:35:00,1
B2B,723,321.91,3.24,5,139,0.0609,office_supplies,email,reminder,12.81,0.0,0,7,0.0,5,3,0.0,0.1851,,2025-10-09 12:45:00,1
B2C,439,130.23,10.15,9,0,0.2271,retail,messenger,reactivation,23.6,0.1751,0,2,0.1096,6,4,0.2168,0.648,37.0,2025-11-11 18:35:00,0
B2C,343,45.97,7.93,5,0,0.0911,fmcg,email,cross_sell,0.0,0.1256,0,5,0.091,44,2,0.1008,0.2433,53.0,2025-11-12 09:00:00,0
B2B,360,239.92,8.59,10,84,0.2816,electronics,sms,reminder,15.33,0.1121,1,3,0.1199,10,2,0.0,0.4456,,2025-07-30 14:45:00,0
B2C,67,41.12,4.03,2,35,0.072,retail,messenger,cross_sell,0.0,0.0,1,0,0.0417,27,1,0.0936,0.3341,36.0,2025-09-22 10:30:00,0
B2C,696,53.71,8.98,10,39,0.3859,beauty,call,onboarding,40.4,0.1296,0,3,0.1122,11,0,0.0,0.2415,68.0,2025-01-06 17:40:00,0
B2B,1062,178.58,12.59,26,22,0.2011,office_supplies,email,cross_sell,17.92,0.3507,0,4,0.3312,20,3,0.424,0.328,,2025-10-06 09:35:00,0
B2C,139,44.64,3.73,1,93,0.0795,pharma,messenger,onboarding,8.18,0.0183,1,2,0.1281,46,2,0.044,0.5957,48.0,2025-09-24 17:45:00,0
B2C,727,37.99,12.9,27,59,0.1092,fmcg,email,seasonal,10.5,0.0009,1,1,0.1004,10,1,0.1189,0.8147,50.0,2025-08-03 15:35:00,0
B2C,802,84.99,13.0,21,3,0.3305,electronics,sms,seasonal,31.86,0.1794,1,5,0.0495,4,0,0.2994,0.519,18.0,2025-06-08 14:45:00,1
B2C,77,34.62,9.84,2,77,0.1509,fashion,messenger,promo,4.14,0.0,0,2,0.0195,3,0,0.0,0.169,23.0,2025-09-09 17:35:00,1
B2B,316,120.0,9.25,9,49,0.0638,retail,call,seasonal,0.0,0.048,1,0,0.1298,37,2,0.0,0.4805,,2025-07-08 12:30:00,0
B2B,399,193.7,12.08,14,8,0.254,b2b_services,sms,promo,24.06,0.2098,0,5,0.3006,1,1,0.1788,0.4583,,2025-10-05 13:35:00,0
B2B,489,176.39,16.09,25,35,0.3945,office_supplies,email,reminder,32.91,0.1267,1,4,0.1372,7,1,0.2055,0.8347,,2025-08-12 10:00:00,0
B2C,638,29.71,4.71,7,115,0.2082,beauty,email,reactivation,6.96,0.0033,1,3,0.0,30,5,0.0,0.5162,48.0,2025-07-03 15:55:00,0
B2C,271,51.94,1.48,2,88,0.1891,beauty,email,promo,39.38,0.0318,0,2,0.1259,5,4,0.1171,0.4687,65.0,2025-01-16 16:35:00,1
B2B,711,120.0,13.2,27,49,0.2758,office_supplies,call,onboarding,32.93,0.1378,1,2,0.0768,3,1,0.2503,0.14,,2025-04-05 10:25:00,0
B2C,1067,39.62,7.89,16,35,0.2514,pet_care,email,promo,39.95,0.1911,0,3,0.1655,9,4,0.1975,0.7765,34.0,2025-07-30 14:30:00,0
B2C,79,28.92,5.44,1,68,0.1512,electronics,messenger,onboarding,2.76,0.0,0,0,0.0,30,1,0.0365,0.1848,29.0,2025-03-24 16:00:00,0
B2B,392,190.78,9.3,7,36,0.1076,office_supplies,email,promo,7.75,0.3848,0,6,0.3158,26,1,0.3768,0.5499,,2025-05-02 15:35:00,0
B2B,1251,228.3,6.99,23,53,0.2008,office_supplies,email,seasonal,17.6,0.1387,1,6,0.0472,1,5,0.0988,0.8326,,2025-05-29 10:45:00,1
B2B,1963,160.94,16.22,85,38,0.4046,office_supplies,email,loyalty,0.0,0.1223,0,10,0.2275,21,2,0.132,0.315,,2025-03-06 17:45:00,0
B2B,907,145.58,8.51,16,19,0.11,electronics,email,cross_sell,23.1,0.1367,0,5,0.0173,14,3,0.134,0.4728,,2025-02-21 10:00:00,1
B2B,513,150.96,5.55,10,35,0.3048,office_supplies,email,promo,23.14,0.1584,1,5,0.1734,5,0,0.2355,0.8056,,2025-03-05 15:50:00,1
B2C,438,41.03,13.27,17,52,0.3294,beauty,email,reminder,36.5,0.0582,1,3,0.2629,8,1,0.0328,0.4067,49.0,2025-03-03 09:15:00,0
B2C,126,30.92,8.83,5,16,0.1855,fmcg,messenger,promo,18.44,0.1796,1,1,0.2356,15,2,0.2776,0.3445,49.0,2025-08-23 11:25:00,1
B2C,554,44.02,3.01,4,77,0.1243,retail,messenger,reactivation,10.49,0.0649,1,4,0.0447,26,2,0.0443,0.6613,37.0,2025-06-25 16:40:00,0
B2C,210,51.62,9.68,4,12,0.1391,pharma,sms,reminder,13.12,0.1127,0,2,0.0956,7,0,0.0821,0.769,49.0,2025-04-10 17:15:00,0
B2B,782,286.48,16.36,32,0,0.1699,electronics,email,reminder,15.47,0.258,1,4,0.256,25,0,0.1922,0.1197,,2025-06-17 09:10:00,1
B2C,80,40.37,4.55,1,11,0.1641,retail,email,onboarding,11.22,0.05,0,1,0.0267,4,0,0.0,0.4627,18.0,2025-02-18 14:20:00,0
B2C,678,21.89,9.63,16,59,0.1682,retail,messenger,cross_sell,9.88,0.1666,0,5,0.1846,8,1,0.2265,0.6764,42.0,2025-11-18 17:05:00,0
B2C,730,47.65,4.99,7,94,0.1905,pet_care,messenger,promo,0.0,0.0,0,4,0.0748,21,5,0.0,0.5555,58.0,2025-09-15 14:20:00,0
B2C,459,54.36,8.37,11,130,0.1985,retail,email,reminder,38.01,0.2488,1,3,0.3399,8,1,0.1791,0.4592,49.0,2025-08-14 14:35:00,0
B2C,370,57.01,8.5,10,0,0.1571,electronics,email,loyalty,16.8,0.1552,0,6,0.1921,12,2,0.1091,0.6115,59.0,2025-06-16 09:10:00,0
B2C,766,98.96,10.41,25,36,0.3125,electronics,email,loyalty,16.7,0.1509,0,4,0.1353,26,4,0.2656,0.3799,37.0,2025-11-13 12:05:00,0
B2B,2037,212.25,4.52,23,58,0.1412,electronics,call,promo,24.5,0.1131,0,10,0.1499,5,2,0.1335,0.4619,,2025-11-22 14:25:00,1
B2C,711,44.37,5.1,8,63,0.213,fmcg,sms,promo,15.82,0.0,0,5,0.1951,11,2,0.0489,0.2606,40.0,2025-02-25 11:05:00,0
B2C,43,21.45,5.73,1,43,0.1233,home_goods,sms,onboarding,11.81,0.0,1,0,0.1021,5,3,0.0779,0.6979,37.0,2025-06-13 15:10:00,0
B2B,1047,275.61,15.0,58,0,0.3946,pharma,sms,reminder,8.44,0.1885,1,5,0.0334,14,3,0.0806,0.4083,,2025-11-11 18:15:00,1
B2C,231,37.61,6.59,3,63,0.0739,pharma,sms,promo,18.05,0.1,1,0,0.2186,17,2,0.0332,0.5848,53.0,2025-03-22 13:55:00,1
B2B,735,192.91,17.0,50,7,0.2343,electronics,call,onboarding,9.73,0.3781,1,5,0.3985,30,4,0.389,0.4284,,2025-05-29 12:00:00,1
B2C,11,45.45,5.71,1,11,0.1899,retail,sms,onboarding,33.84,0.1298,0,0,0.0517,11,4,0.1533,0.451,32.0,2025-02-25 12:25:00,0
B2C,494,38.17,7.44,10,55,0.2206,pet_care,sms,reminder,13.3,0.1395,1,1,0.1117,32,3,0.0828,0.3697,26.0,2025-04-28 16:55:00,0
B2C,434,26.73,9.34,13,50,0.1521,retail,messenger,reminder,5.64,0.1244,1,6,0.1735,28,1,0.1485,0.4701,39.0,2025-01-01 18:50:00,1
B2C,715,105.8,9.25,11,26,0.1867,electronics,email,onboarding,17.05,0.1489,0,0,0.1156,19,4,0.0702,0.6454,24.0,2025-04-06 10:15:00,0
B2C,848,36.69,9.21,14,34,0.1664,pharma,sms,loyalty,35.37,0.1694,0,2,0.2215,4,4,0.2502,0.3212,27.0,2025-06-16 14:20:00,0
B2B,902,150.17,15.72,31,9,0.3446,home_goods,call,seasonal,14.32,0.3437,1,4,0.3675,36,8,0.2969,0.4999,,2025-09-02 13:35:00,1
B2C,525,30.13,5.0,9,58,0.2408,home_goods,email,promo,18.52,0.0745,0,6,0.03,9,3,0.0493,0.7022,29.0,2025-08-19 14:45:00,0
B2B,528,434.25,14.17,25,55,0.207,electronics,sms,loyalty,4.94,0.3481,0,3,0.4617,41,0,0.4117,0.102,,2025-12-06 17:25:00,0
B2C,819,69.58,6.71,15,31,0.0914,pharma,sms,loyalty,0.0,0.1131,0,6,0.1457,46,4,0.1554,0.4465,24.0,2025-10-18 17:15:00,0
B2C,539,97.14,2.59,5,76,0.0427,electronics,sms,promo,20.09,0.0,0,2,0.0,2,1,0.0,0.5896,47.0,2025-05-06 16:05:00,0
B2C,147,17.53,7.76,2,80,0.1845,pet_care,email,seasonal,26.61,0.1371,0,4,0.1422,15,2,0.1797,0.1408,41.0,2025-03-28 14:35:00,0
B2B,713,308.79,10.64,18,40,0.1711,b2b_services,sms,cross_sell,18.08,0.1167,0,6,0.0389,10,0,0.1961,0.7831,,2025-10-20 14:10:00,0
B2C,541,52.45,9.47,8,62,0.2444,pet_care,email,cross_sell,19.26,0.117,1,5,0.2211,10,1,0.0246,0.5134,54.0,2025-05-02 09:55:00,0
B2C,417,56.75,9.3,11,0,0.1259,fashion,call,loyalty,36.27,0.1882,1,7,0.2261,17,1,0.1364,0.2347,23.0,2025-03-23 17:40:00,0
B2C,276,92.38,5.59,5,56,0.0383,fashion,email,seasonal,16.3,0.1987,1,3,0.2778,19,0,0.2017,0.4813,46.0,2025-01-11 16:50:00,0
B2C,214,48.26,5.83,3,83,0.219,pet_care,sms,reminder,49.47,0.1188,1,4,0.2625,3,2,0.0,0.3377,38.0,2025-09-16 10:45:00,0
B2C,729,47.52,5.55,13,58,0.1546,retail,email,cross_sell,24.56,0.0546,0,8,0.0272,4,4,0.0,0.3268,60.0,2025-07-10 15:15:00,0
B2C,479,54.81,9.98,15,79,0.1028,beauty,call,promo,20.85,0.2121,1,3,0.2717,6,2,0.3426,0.6068,18.0,2025-07-27 09:35:00,0
B2B,717,157.0,12.67,21,26,0.2658,b2b_services,sms,cross_sell,27.35,0.2516,1,4,0.3496,14,2,0.3588,0.3382,,2025-11-25 12:45:00,0
B2B,1255,120.0,18.71,62,0,0.0998,retail,email,reminder,4.3,0.3074,1,8,0.1808,35,2,0.2152,0.252,,2025-09-09 15:30:00,0
B2C,607,33.66,7.14,12,82,0.2398,fmcg,email,reactivation,20.06,0.0196,1,6,0.0152,13,2,0.0,0.4016,19.0,2025-08-17 08:55:00,0
B2C,165,42.17,12.99,6,51,0.1414,home_goods,sms,promo,11.17,0.0563,1,5,0.1459,14,3,0.0165,0.5001,50.0,2025-08-13 13:20:00,0
B2C,668,35.87,4.34,8,41,0.0774,pharma,email,promo,0.0,0.1744,0,3,0.1951,39,2,0.2324,0.1055,30.0,2025-03-29 10:25:00,0
B2C,322,53.54,3.77,2,61,0.2195,beauty,sms,onboarding,10.32,0.0339,0,5,0.1399,20,3,0.0932,0.663,35.0,2025-04-19 12:10:00,0
B2B,1062,120.0,11.41,21,18,0.3143,b2b_services,call,loyalty,29.4,0.2416,0,3,0.1758,8,4,0.2779,0.7438,,2025-11-15 12:35:00,0
B2C,126,24.65,12.53,6,9,0.1642,fmcg,email,promo,0.0,0.1565,0,3,0.1501,33,1,0.2979,0.5399,31.0,2025-01-14 15:45:00,1
B2C,238,33.07,6.83,4,114,0.0035,pharma,messenger,reactivation,8.15,0.1093,1,1,0.0809,4,1,0.0856,0.387,33.0,2025-04-17 19:40:00,0
B2C,430,29.63,7.89,7,27,0.3028,fashion,sms,reminder,30.14,0.1358,0,5,0.1904,9,5,0.0765,0.215,26.0,2025-12-16 10:10:00,0
B2C,298,122.34,7.56,8,75,0.0391,fmcg,messenger,cross_sell,7.62,0.0839,0,2,0.0,35,1,0.0365,0.2085,43.0,2025-09-18 14:35:00,0
B2B,576,200.85,9.47,10,73,0.0296,retail,sms,onboarding,4.35,0.0769,1,3,0.0438,27,3,0.0,0.6446,,2025-02-28 15:45:00,0
B2C,229,31.67,12.3,5,11,0.2789,retail,sms,cross_sell,37.13,0.2525,1,3,0.2578,19,0,0.1563,0.0848,36.0,2025-11-07 11:15:00,0
B2B,343,179.95,14.89,14,44,0.3045,electronics,call,promo,41.38,0.3253,0,5,0.5079,3,3,0.3337,0.5137,,2025-06-09 16:20:00,1
B2C,864,31.5,9.74,26,26,0.2455,electronics,email,promo,15.5,0.2351,1,9,0.1367,18,4,0.1475,0.5403,46.0,2025-01-11 12:10:00,1
B2B,1182,179.76,11.23,28,31,0.2943,b2b_services,email,cross_sell,30.12,0.326,1,8,0.3542,12,5,0.2746,0.3277,,2025-04-11 13:35:00,0
B2B,998,448.76,10.74,31,13,0.2995,retail,email,promo,16.23,0.19,0,3,0.0444,18,1,0.1622,0.3454,,2025-06-29 13:10:00,0
B2B,217,164.57,13.91,7,50,0.1489,office_supplies,call,reactivation,2.13,0.1486,1,3,0.091,15,2,0.0888,0.546,,2025-11-26 10:25:00,0
B2B,333,181.77,14.24,13,37,0.2072,electronics,call,loyalty,6.93,0.2508,0,7,0.2246,23,2,0.3479,0.7614,,2025-11-11 10:10:00,0
B2B,1639,120.0,15.34,70,46,0.2904,retail,sms,promo,12.93,0.3723,0,8,0.4636,7,3,0.3221,0.567,,2025-09-08 14:10:00,0
B2C,472,61.16,7.0,9,21,0.1953,pharma,sms,onboarding,24.58,0.1186,0,4,0.1355,13,3,0.22,0.2845,54.0,2025-09-11 12:20:00,0
B2C,137,54.27,7.6,2,63,0.1482,pharma,messenger,reactivation,27.44,0.1328,1,5,0.1904,8,0,0.2829,0.5843,63.0,2025-11-06 15:00:00,1
B2B,352,120.0,10.54,8,30,0.2791,pharma,email,reactivation,23.62,0.1244,0,5,0.301,23,3,0.0,0.3458,,2025-12-03 13:40:00,0
B2C,180,43.06,7.74,4,81,0.0723,fashion,messenger,promo,18.78,0.0752,0,2,0.0264,28,2,0.2177,0.5045,30.0,2025-11-02 14:10:00,0
B2C,219,32.28,7.61,5,26,0.2479,electronics,messenger,promo,36.76,0.3056,1,2,0.295,13,1,0.3161,0.5494,59.0,2025-07-14 12:10:00,0
B2C,818,27.64,11.27,17,37,0.2376,electronics,sms,loyalty,0.0,0.1769,1,3,0.12,47,3,0.0472,0.1644,18.0,2025-04-19 18:00:00,1
B2C,209,40.02,6.1,5,64,0.2,electronics,email,promo,0.0,0.0172,0,3,0.055,26,3,0.1291,0.3041,24.0,2025-04-28 17:10:00,0
B2B,736,291.14,15.63,36,22,0.3114,pharma,email,loyalty,21.55,0.1688,0,5,0.3179,12,2,0.0871,0.7025,,2025-07-16 16:00:00,1
B2C,183,24.82,0.5,1,173,0.0438,fmcg,sms,loyalty,19.32,0.0,0,0,0.0475,14,1,0.0195,0.1913,44.0,2025-06-30 16:10:00,0
B2C,378,28.45,9.19,7,31,0.1122,beauty,email,reactivation,22.53,0.2024,0,2,0.0733,24,0,0.1698,0.2529,38.0,2025-11-12 11:30:00,0
B2C,328,55.74,8.85,9,59,0.2735,pet_care,messenger,seasonal,19.22,0.2273,1,6,0.1791,20,0,0.2642,0.7526,40.0,2025-02-28 12:20:00,1
B2C,82,67.05,4.15,1,48,0.0513,retail,email,reactivation,10.26,0.0563,1,2,0.1278,17,3,0.0,0.3771,30.0,2025-01-14 10:30:00,0
B2C,1604,27.47,6.11,26,59,0.2044,fashion,email,promo,23.34,0.1996,0,0,0.2137,17,3,0.0325,0.4329,29.0,2025-08-04 17:45:00,1
B2C,288,27.98,7.13,4,72,0.0938,fashion,sms,reminder,21.23,0.1384,1,3,0.0874,5,1,0.1657,0.4392,54.0,2025-03-15 15:00:00,1
B2C,473,32.16,5.76,8,8,0.2468,electronics,sms,promo,21.86,0.0,0,5,0.0817,8,2,0.0,0.2615,45.0,2025-11-15 12:30:00,0
B2C,467,57.16,7.22,8,61,0.2038,retail,email,reminder,7.91,0.0,1,4,0.0,11,0,0.0926,0.6947,39.0,2025-01-23 11:55:00,0
B2C,420,31.03,2.51,1,138,0.0165,pet_care,messenger,onboarding,3.96,0.0931,0,4,0.033,41,4,0.0355,0.3767,37.0,2025-09-23 15:30:00,0
B2C,195,15.86,6.44,2,31,0.2323,electronics,sms,promo,35.72,0.183,0,6,0.1447,3,2,0.2106,0.8768,20.0,2025-04-04 13:10:00,0
B2C,859,32.64,4.63,13,116,0.0134,pet_care,messenger,promo,0.0,0.0,1,4,0.0,34,1,0.0,0.3694,49.0,2025-08-22 15:35:00,0
B2C,324,44.15,8.91,7,67,0.3722,retail,messenger,promo,46.72,0.2618,1,2,0.2581,5,3,0.1688,0.2156,28.0,2025-11-30 17:05:00,0
B2C,154,54.0,7.32,3,25,0.2178,fmcg,messenger,reminder,30.51,0.0858,1,3,0.0561,2,3,0.1112,0.3115,31.0,2025-05-27 13:25:00,0
B2C,447,135.6,10.44,11,61,0.343,fashion,sms,reminder,25.52,0.109,0,4,0.0751,15,2,0.1367,0.4866,52.0,2025-05-06 11:15:00,1
B2C,379,33.94,9.28,12,60,0.3493,retail,sms,reminder,30.8,0.2202,0,1,0.2008,2,2,0.2103,0.6718,18.0,2025-02-09 15:20:00,1
B2B,442,199.97,19.7,31,27,0.418,pharma,call,cross_sell,39.34,0.3056,0,9,0.2016,9,2,0.2906,0.0721,,2025-12-30 10:10:00,0
B2C,888,23.4,9.28,19,53,0.1133,fashion,email,reminder,32.12,0.2963,0,3,0.3651,15,3,0.2378,0.3087,55.0,2025-05-14 08:25:00,0
B2B,194,190.87,5.84,2,25,0.2783,b2b_services,email,onboarding,22.28,0.1927,0,4,0.1091,14,2,0.2194,0.5018,,2025-04-08 13:40:00,0
B2B,1093,141.27,7.96,23,67,0.2637,b2b_services,email,reactivation,21.26,0.0854,1,6,0.1113,7,5,0.0,0.5754,,2025-08-29 11:30:00,0
B2C,551,24.16,6.33,9,125,0.0685,home_goods,sms,promo,33.75,0.0704,0,4,0.0,5,4,0.0,0.0862,33.0,2025-03-23 16:20:00,0
B2B,377,120.0,11.74,17,23,0.1388,office_supplies,messenger,reminder,1.99,0.0911,1,6,0.0661,18,3,0.1828,0.4577,,2025-06-12 14:40:00,0
B2B,123,156.25,10.94,3,41,0.2139,office_supplies,call,cross_sell,18.95,0.1174,0,2,0.2349,4,3,0.206,0.4795,,2025-07-22 15:10:00,0
B2C,287,57.33,10.36,5,31,0.1912,fmcg,email,reminder,31.61,0.1756,1,3,0.2064,3,2,0.1124,0.2275,52.0,2025-03-14 09:10:00,0
B2C,518,34.12,11.97,19,35,0.452,home_goods,email,promo,36.04,0.2404,1,4,0.2787,7,4,0.3403,0.5182,62.0,2025-08-25 13:10:00,1
B2C,988,43.1,7.3,21,64,0.1385,retail,email,loyalty,26.85,0.0,0,2,0.0019,5,5,0.0,0.1262,49.0,2025-03-30 10:45:00,0
B2B,1333,161.67,5.58,18,61,0.2563,retail,email,loyalty,40.29,0.1023,0,2,0.0181,8,0,0.0,0.4757,,2025-03-26 11:35:00,1
B2C,457,30.52,5.09,2,80,0.2535,fmcg,sms,promo,27.81,0.0,0,4,0.0,10,2,0.0,0.3102,45.0,2025-01-26 13:10:00,0
B2C,363,77.36,10.25,11,71,0.2118,fashion,messenger,seasonal,45.91,0.1868,1,2,0.2286,3,3,0.2068,0.4169,50.0,2025-09-09 19:15:00,0
B2C,84,18.86,5.42,2,53,0.2696,beauty,call,onboarding,18.46,0.0326,0,1,0.0244,24,2,0.0294,0.6803,45.0,2025-03-21 13:55:00,0
B2C,610,69.55,7.05,12,56,0.2608,pet_care,email,promo,34.67,0.1829,0,2,0.1155,9,1,0.1382,0.4486,35.0,2025-03-12 08:50:00,0
B2B,659,309.46,14.85,32,30,0.1608,electronics,email,loyalty,0.0,0.18,0,3,0.1898,37,2,0.4064,0.7581,,2025-10-04 08:15:00,0
B2B,414,120.0,19.24,24,0,0.2704,retail,call,reminder,13.42,0.2493,0,7,0.2662,18,2,0.1403,0.3539,,2025-12-01 14:30:00,0
B2C,573,38.88,8.04,14,28,0.3005,fashion,sms,loyalty,21.31,0.1394,0,3,0.2199,12,1,0.0,0.118,46.0,2025-07-02 12:20:00,1
B2C,568,55.13,13.67,17,32,0.2237,fmcg,email,promo,17.96,0.0529,0,2,0.0,26,5,0.2257,0.2735,34.0,2025-03-09 12:00:00,0
B2C,428,86.48,8.22,11,54,0.2093,electronics,sms,reactivation,31.61,0.1721,1,6,0.2966,9,0,0.1512,0.1023,20.0,2025-12-30 12:10:00,1
B2C,612,29.73,8.14,10,55,0.174,pet_care,sms,promo,5.23,0.1295,1,6,0.1323,15,2,0.1021,0.2791,29.0,2025-02-01 14:10:00,1
B2B,816,376.49,17.14,55,62,0.3003,pharma,call,loyalty,3.15,0.1143,0,4,0.0642,38,4,0.1561,0.4771,,2025-08-07 17:10:00,0
B2B,1514,234.36,13.06,36,73,0.2597,home_goods,email,cross_sell,20.68,0.3064,0,5,0.2681,12,1,0.4831,0.6647,,2025-10-27 08:25:00,0
B2C,474,41.68,7.69,9,44,0.3915,beauty,sms,promo,34.81,0.0792,0,2,0.102,7,4,0.1385,0.5049,54.0,2025-06-18 18:50:00,0
B2C,443,34.14,7.82,9,0,0.2861,fashion,sms,seasonal,40.4,0.0644,1,6,0.1486,5,3,0.2045,0.4416,45.0,2025-04-15 11:15:00,1
B2C,330,51.59,4.34,3,3,0.1104,retail,sms,cross_sell,0.0,0.0609,0,3,0.0235,45,3,0.202,0.3364,28.0,2025-10-31 10:10:00,1
B2C,606,54.68,5.52,9,23,0.0985,retail,email,cross_sell,16.39,0.0204,0,4,0.0,20,1,0.0,0.4601,39.0,2025-01-21 11:30:00,0
B2C,223,36.74,7.36,8,19,0.1434,fmcg,messenger,promo,8.58,0.0154,1,2,0.044,25,0,0.0046,0.4664,18.0,2025-12-13 13:45:00,0
B2B,962,251.21,12.61,13,0,0.424,electronics,call,reminder,40.85,0.2266,1,6,0.2117,19,2,0.2984,0.2401,,2025-01-03 14:55:00,1
B2B,486,145.65,7.09,8,43,0.1916,electronics,email,promo,2.96,0.0742,1,2,0.0085,14,4,0.0824,0.2663,,2025-01-08 13:55:00,0
B2C,139,114.45,8.02,4,63,0.162,fmcg,email,promo,16.03,0.1805,0,2,0.0157,17,0,0.1973,0.7195,38.0,2025-11-30 10:50:00,0
B2B,1029,527.29,8.39,24,51,0.0675,retail,messenger,reactivation,0.0,0.2402,0,3,0.2333,24,4,0.1318,0.3067,,2025-02-16 15:25:00,0
B2C,143,71.47,6.54,2,47,0.1443,beauty,email,reactivation,15.3,0.0,1,3,0.0,8,3,0.0,0.3068,55.0,2025-09-08 11:25:00,0
B2C,479,79.67,6.04,7,70,0.1306,retail,email,seasonal,9.37,0.1062,1,1,0.089,15,5,0.0506,0.6926,31.0,2025-03-03 12:50:00,1
B2C,382,47.47,8.68,7,22,0.1616,retail,messenger,reminder,0.0,0.1293,1,4,0.1499,21,4,0.0953,0.6146,36.0,2025-08-16 11:45:00,1
B2B,2132,120.0,1.42,8,155,0.0966,home_goods,email,cross_sell,0.0,0.0,0,7,0.0,11,2,0.0499,0.8224,,2025-03-02 09:15:00,0
B2B,2126,358.5,3.9,18,78,0.0826,electronics,email,onboarding,8.29,0.0283,1,3,0.0,5,5,0.0896,0.6964,,2025-11-03 15:00:00,0
B2C,511,51.83,2.58,5,74,0.1036,electronics,email,seasonal,18.22,0.0,1,3,0.1194,9,1,0.1062,0.0713,28.0,2025-09-29 16:45:00,0
B2C,1268,23.01,8.01,23,39,0.2266,retail,messenger,reminder,25.34,0.1115,1,6,0.1979,14,2,0.1455,0.5922,40.0,2025-03-18 15:25:00,0
B2C,816,144.15,5.66,16,92,0.1047,fmcg,email,promo,14.78,0.032,1,4,0.0,2,1,0.088,0.1983,35.0,2025-01-09 14:15:00,0
B2B,1548,387.26,6.55,30,32,0.2172,electronics,email,loyalty,25.15,0.042,0,3,0.062,18,5,0.0,0.2539,,2025-01-13 09:15:00,0
B2C,436,79.88,0.5,1,176,0.2173,retail,email,reactivation,13.34,0.0058,1,2,0.0061,25,2,0.0699,0.2346,53.0,2025-03-28 14:35:00,0
B2C,511,36.59,2.61,3,88,0.0,beauty,sms,seasonal,0.0,0.0,1,5,0.0,27,1,0.0331,0.4506,34.0,2025-02-20 13:25:00,0
B2C,1446,39.25,5.92,29,63,0.3874,home_goods,email,promo,52.6,0.2334,1,6,0.3854,9,1,0.2389,0.5801,43.0,2025-10-11 12:55:00,0
B2C,532,29.26,3.98,6,71,0.0717,fashion,email,reactivation,0.53,0.0,1,3,0.0,25,6,0.0256,0.4178,29.0,2025-06-25 16:25:00,0
B2C,460,67.33,5.38,9,82,0.2157,home_goods,sms,loyalty,40.02,0.1076,0,4,0.0807,12,0,0.2134,0.3235,52.0,2025-12-02 15:45:00,0
B2C,848,51.13,10.35,23,66,0.1832,beauty,messenger,reactivation,7.12,0.1147,1,3,0.1243,22,1,0.1698,0.7581,30.0,2025-03-25 13:55:00,1
B2C,532,18.23,9.74,15,119,0.2648,pharma,sms,cross_sell,29.8,0.0591,1,3,0.0393,14,5,0.0,0.0771,46.0,2025-04-09 12:55:00,0
B2C,743,51.52,6.61,12,81,0.367,pet_care,messenger,onboarding,55.65,0.1041,1,2,0.1296,14,0,0.0,0.2298,34.0,2025-08-14 17:40:00,0
B2C,352,50.12,3.55,2,121,0.0856,fashion,sms,promo,16.52,0.0885,0,5,0.0999,21,3,0.1266,0.6162,32.0,2025-09-27 15:45:00,0
B2B,532,386.86,11.32,9,16,0.1557,pharma,call,loyalty,28.94,0.1168,0,5,0.2282,4,3,0.1786,0.1378,,2025-03-22 14:15:00,0
B2B,1041,183.69,14.66,32,35,0.277,b2b_services,email,cross_sell,3.09,0.1113,0,11,0.0162,19,2,0.0,0.5109,,2025-11-23 14:05:00,0
B2C,478,70.81,16.08,16,27,0.3321,pharma,messenger,cross_sell,29.03,0.2001,1,6,0.1142,1,2,0.3181,0.4142,28.0,2025-10-17 15:55:00,1
B2C,827,37.88,11.91,28,79,0.2629,fmcg,sms,reminder,21.44,0.0326,0,4,0.0424,4,5,0.0748,0.1325,50.0,2025-03-25 14:15:00,1
B2C,346,20.65,3.09,4,70,0.1166,beauty,email,cross_sell,6.77,0.1579,0,6,0.2004,19,3,0.1611,0.3364,23.0,2025-06-11 11:15:00,0
B2C,217,59.71,9.17,6,43,0.1534,retail,email,seasonal,17.86,0.1138,0,0,0.0653,10,0,0.0173,0.8962,42.0,2025-10-28 11:00:00,0
B2C,348,51.9,6.18,6,3,0.1414,fmcg,email,promo,6.08,0.1346,0,1,0.059,17,3,0.2343,0.3791,45.0,2025-07-31 12:15:00,1
B2B,1085,209.0,14.59,34,0,0.3229,retail,call,promo,19.21,0.2612,0,7,0.3205,21,3,0.4053,0.6679,,2025-11-02 14:35:00,0
B2C,233,49.06,8.33,6,80,0.1005,home_goods,messenger,promo,22.8,0.1912,0,3,0.1546,13,1,0.2431,0.4821,42.0,2025-09-19 19:10:00,0
B2B,1422,246.15,14.3,43,0,0.3009,b2b_services,call,loyalty,17.99,0.1347,0,4,0.1256,8,3,0.3658,0.1273,,2025-02-05 13:00:00,0
B2C,1024,70.94,11.3,27,34,0.2677,electronics,email,loyalty,35.6,0.2356,0,7,0.208,17,4,0.2024,0.4064,27.0,2025-10-10 08:00:00,1
B2C,1450,46.75,5.14,25,0,0.3085,home_goods,email,promo,20.6,0.1671,1,10,0.1829,5,7,0.2837,0.3173,35.0,2025-02-25 16:30:00,1
B2B,209,248.01,4.42,2,33,0.1304,electronics,email,seasonal,22.23,0.072,0,2,0.1819,21,1,0.1745,0.424,,2025-04-16 13:05:00,0
B2C,214,40.23,9.06,4,24,0.182,beauty,sms,reminder,19.98,0.1005,0,1,0.0622,13,0,0.1607,0.5515,39.0,2025-08-03 11:55:00,0
B2C,143,53.74,5.13,2,55,0.0829,electronics,call,onboarding,0.0,0.0,1,2,0.0,26,1,0.0454,0.6922,47.0,2025-03-11 11:30:00,0
B2C,779,34.28,9.93,20,52,0.2007,fmcg,email,reminder,32.99,0.2475,0,12,0.1646,15,6,0.1901,0.3156,42.0,2025-11-17 09:10:00,0
B2C,694,80.23,10.46,19,35,0.2795,retail,sms,reminder,34.81,0.0965,1,2,0.0876,19,1,0.114,0.2911,34.0,2025-02-11 15:05:00,1
B2B,760,260.65,12.55,33,4,0.286,retail,email,loyalty,23.86,0.2588,1,2,0.2911,12,1,0.3572,0.4375,,2025-06-17 13:10:00,0
B2C,358,86.72,1.94,1,156,0.0795,pet_care,messenger,onboarding,0.0,0.0,0,2,0.0517,55,2,0.0021,0.4968,41.0,2025-12-07 16:25:00,0
B2B,659,295.64,4.75,12,94,0.2395,b2b_services,messenger,seasonal,8.82,0.093,1,7,0.1682,2,1,0.0106,0.2401,,2025-07-18 15:40:00,1
B2B,428,120.0,7.26,6,40,0.0743,electronics,email,cross_sell,0.0,0.1024,0,5,0.171,49,2,0.0,0.6136,,2025-05-21 15:20:00,0
B2B,1254,362.56,4.33,16,121,0.1265,b2b_services,messenger,loyalty,20.85,0.1016,1,6,0.0611,14,3,0.0699,0.222,,2025-04-26 15:50:00,0
B2C,676,39.01,7.08,11,2,0.3767,beauty,sms,promo,61.94,0.1626,0,5,0.0526,7,1,0.1822,0.3663,44.0,2025-04-27 14:50:00,1
B2C,124,28.51,11.62,2,57,0.2278,fashion,sms,reminder,18.83,0.1205,1,0,0.0891,17,2,0.1231,0.767,25.0,2025-05-01 17:00:00,0
B2B,442,122.39,13.01,17,36,0.2364,pharma,email,loyalty,11.16,0.1451,0,8,0.0664,10,5,0.1321,0.4333,,2025-04-09 08:25:00,0
B2C,822,32.03,10.59,23,12,0.2502,retail,messenger,loyalty,37.0,0.1181,0,8,0.0736,12,4,0.0642,0.1643,38.0,2025-08-19 17:50:00,1
B2C,104,31.01,9.04,1,48,0.21,fashion,messenger,reminder,44.65,0.1757,1,2,0.1806,1,4,0.0452,0.0717,47.0,2025-10-06 12:15:00,1
B2C,855,28.64,6.94,14,20,0.3121,pharma,sms,cross_sell,29.7,0.0176,0,5,0.1124,3,1,0.0,0.9671,54.0,2025-01-11 17:30:00,1
B2C,535,39.39,9.26,7,42,0.2149,pet_care,email,reactivation,30.68,0.1958,1,3,0.3388,21,4,0.2316,0.0965,40.0,2025-12-23 15:05:00,0
B2C,1096,62.42,7.93,15,100,0.0708,fashion,email,promo,10.48,0.0537,0,4,0.0359,20,6,0.1201,0.5746,59.0,2025-10-14 10:20:00,1
B2C,67,74.16,9.43,2,48,0.206,retail,email,reminder,21.14,0.0,1,1,0.0,15,2,0.0,0.1372,18.0,2025-06-17 11:45:00,0
B2C,221,44.36,8.98,7,33,0.269,fmcg,messenger,promo,41.71,0.217,0,2,0.1655,13,5,0.2504,0.7695,32.0,2025-03-07 14:50:00,1
B2C,586,30.86,6.47,10,78,0.0694,home_goods,email,promo,2.71,0.0324,1,4,0.0,26,1,0.0982,0.4899,44.0,2025-07-21 16:25:00,1
B2B,95,262.96,18.7,6,53,0.1513,electronics,call,seasonal,0.0,0.1401,1,4,0.1548,31,0,0.1991,0.4051,,2025-02-12 15:00:00,0
B2C,648,25.8,3.73,5,11,0.146,retail,sms,promo,29.82,0.0,1,4,0.1211,9,1,0.0,0.3579,75.0,2025-05-17 12:35:00,0
B2C,476,47.12,2.1,4,117,0.1601,home_goods,messenger,onboarding,0.0,0.0,0,5,0.0,34,1,0.0,0.2549,38.0,2025-11-01 18:20:00,0
B2C,292,40.58,4.43,3,40,0.0,home_goods,sms,cross_sell,0.0,0.2077,0,1,0.1791,47,3,0.1931,0.6366,44.0,2025-07-16 10:30:00,0
B2C,758,36.21,10.58,23,77,0.0336,beauty,sms,loyalty,0.21,0.1318,0,2,0.2471,26,2,0.1345,0.2189,23.0,2025-04-29 18:10:00,0
B2C,826,84.64,5.12,10,26,0.1287,home_goods,sms,loyalty,1.64,0.0292,0,6,0.1102,27,3,0.0857,0.2187,46.0,2025-06-17 11:30:00,0
B2C,176,48.12,12.72,7,77,0.2204,beauty,email,reactivation,9.14,0.1927,1,1,0.0,11,1,0.1844,0.3639,37.0,2025-12-17 10:45:00,0
B2C,600,39.98,5.68,9,17,0.1709,beauty,email,reminder,27.62,0.1916,1,2,0.2346,20,4,0.2686,0.8185,40.0,2025-07-12 09:20:00,1
B2C,263,45.05,3.14,3,29,0.0698,retail,messenger,cross_sell,6.27,0.0275,1,2,0.1096,15,1,0.052,0.1558,47.0,2025-02-17 12:20:00,0
B2C,327,69.68,9.9,8,14,0.1712,fmcg,sms,reminder,4.31,0.1897,0,6,0.3262,29,1,0.1998,0.8,27.0,2025-10-26 11:35:00,1
B2B,682,120.0,4.4,5,56,0.1723,electronics,messenger,seasonal,12.54,0.0,1,8,0.0,2,4,0.0831,0.682,,2025-03-18 14:40:00,0
B2B,1175,230.2,18.55,74,32,0.4493,retail,email,seasonal,15.29,0.2991,1,5,0.2497,13,7,0.2793,0.1493,,2025-02-24 14:15:00,1
B2B,897,121.67,12.22,50,0,0.2182,home_goods,email,cross_sell,6.31,0.1568,0,13,0.1007,14,0,0.0824,0.2554,,2025-12-20 09:20:00,0
B2B,522,120.0,11.89,12,0,0.1192,electronics,email,promo,1.1,0.1452,0,7,0.1301,28,2,0.1674,0.7385,,2025-09-07 10:35:00,0
B2B,693,120.0,20.03,49,20,0.5061,office_supplies,call,loyalty,37.45,0.2823,0,4,0.3773,12,0,0.3397,0.617,,2025-03-02 14:30:00,0
B2C,442,28.63,8.24,12,20,0.2479,pharma,call,reminder,30.64,0.203,1,5,0.2121,12,3,0.3204,0.4136,39.0,2025-05-07 12:05:00,1
B2B,648,120.29,13.23,20,0,0.1564,retail,call,cross_sell,13.68,0.2603,0,8,0.1832,28,1,0.3583,0.5168,,2025-08-30 16:10:00,0
B2C,505,41.9,6.17,8,33,0.1686,electronics,email,loyalty,0.0,0.0,0,2,0.0,107,3,0.0,0.107,51.0,2025-12-04 11:50:00,0
B2C,660,60.53,9.53,15,31,0.1266,home_goods,messenger,loyalty,25.97,0.0099,0,6,0.0,10,1,0.0,0.5023,37.0,2025-09-03 18:25:00,1
B2C,389,39.4,8.3,9,37,0.3369,home_goods,email,reactivation,30.61,0.203,0,3,0.1804,11,3,0.1964,0.6244,42.0,2025-08-02 15:30:00,1
B2C,201,45.32,6.89,5,44,0.2202,fashion,email,promo,20.35,0.1301,0,1,0.0425,12,2,0.1713,0.2627,39.0,2025-10-17 10:15:00,0
B2C,583,54.57,5.73,9,75,0.2053,retail,email,loyalty,26.23,0.015,0,3,0.0145,5,2,0.09,0.2847,27.0,2025-04-21 14:30:00,1
B2B,832,142.21,2.26,5,61,0.1388,b2b_services,email,onboarding,18.68,0.045,0,1,0.0,6,1,0.055,0.4115,,2025-11-28 13:00:00,0
B2C,162,21.56,8.81,4,36,0.2586,fmcg,email,reminder,34.68,0.0628,1,4,0.0358,8,2,0.105,0.2073,41.0,2025-01-13 13:20:00,0
B2B,175,222.16,8.14,4,82,0.1785,pharma,email,promo,32.45,0.2418,0,6,0.302,10,2,0.3056,0.3322,,2025-04-17 16:05:00,0
B2C,300,23.77,9.13,7,7,0.2824,home_goods,email,promo,0.0,0.1457,0,2,0.2024,58,4,0.261,0.6332,49.0,2025-06-10 10:05:00,0
B2C,695,80.87,4.84,10,55,0.2273,fmcg,sms,reactivation,26.39,0.0191,0,4,0.0,24,0,0.0589,0.5439,54.0,2025-02-20 13:00:00,0
B2C,402,29.56,9.91,12,66,0.1684,fmcg,email,seasonal,32.75,0.2412,1,5,0.2212,15,2,0.1403,0.5294,51.0,2025-07-31 17:00:00,0
B2B,1518,120.0,15.69,66,34,0.2629,electronics,call,loyalty,13.63,0.2489,0,7,0.1414,15,7,0.3336,0.029,,2025-08-18 14:55:00,0
B2B,611,179.3,11.19,15,8,0.0929,pharma,messenger,seasonal,9.95,0.2597,1,8,0.2268,37,8,0.241,0.3278,,2025-08-03 14:55:00,0
B2C,442,104.05,7.29,7,54,0.3123,fashion,sms,seasonal,22.92,0.0426,0,3,0.1075,2,1,0.0,0.4074,46.0,2025-04-21 13:55:00,0
B2C,559,53.78,5.47,9,84,0.0947,electronics,email,promo,16.57,0.1786,0,4,0.1864,13,2,0.3341,0.4369,37.0,2025-12-01 11:20:00,1
B2B,418,209.59,5.38,7,83,0.069,pharma,call,cross_sell,0.0,0.0657,0,7,0.0315,45,1,0.0801,0.591,,2025-09-14 11:25:00,0
B2C,320,50.56,6.5,6,44,0.2708,fmcg,messenger,reminder,31.59,0.1619,1,1,0.179,11,4,0.0842,0.9521,27.0,2025-11-08 11:35:00,0
B2C,528,42.95,6.47,7,32,0.008,fashion,sms,reminder,9.32,0.1249,0,1,0.0,23,4,0.2164,0.3095,39.0,2025-11-18 09:20:00,0
B2C,615,72.15,5.97,8,95,0.0396,beauty,sms,loyalty,0.0,0.0272,0,6,0.019,26,2,0.2633,0.4283,40.0,2025-10-27 12:40:00,0
B2C,445,71.23,9.59,12,50,0.2404,electronics,email,promo,17.64,0.0633,0,4,0.1143,11,1,0.1521,0.5038,40.0,2025-01-02 13:10:00,0
B2B,729,120.0,8.79,14,5,0.1486,b2b_services,sms,seasonal,0.0,0.1794,0,6,0.1243,37,1,0.2861,0.2578,,2025-04-24 15:35:00,0
B2C,233,103.2,11.24,7,35,0.247,beauty,call,reminder,40.96,0.2207,1,3,0.2191,4,1,0.2738,0.3946,31.0,2025-01-20 16:40:00,1
B2C,843,22.94,7.23,16,67,0.2317,home_goods,sms,seasonal,26.67,0.0996,1,3,0.21,21,0,0.1536,0.894,42.0,2025-02-02 10:50:00,0
B2C,103,34.27,7.26,1,85,0.1621,pharma,sms,promo,21.64,0.1183,0,3,0.187,13,0,0.1716,0.6245,46.0,2025-06-17 11:10:00,1
B2C,263,56.42,6.26,5,87,0.1449,fmcg,sms,loyalty,14.96,0.0,0,0,0.011,15,0,0.0,0.1773,26.0,2025-11-30 10:20:00,0
B2C,404,24.45,9.18,9,58,0.1271,home_goods,email,reminder,14.6,0.0535,1,1,0.0226,5,1,0.1504,0.0849,47.0,2025-08-04 12:35:00,0
B2B,947,127.82,13.83,41,40,0.2675,b2b_services,email,loyalty,14.67,0.251,0,6,0.2782,23,2,0.3478,0.1487,,2025-01-09 13:25:00,0
B2C,600,135.87,15.24,21,89,0.0987,home_goods,messenger,reminder,31.35,0.1212,0,1,0.1789,5,3,0.2388,0.3235,18.0,2025-08-29 18:50:00,1
B2C,109,75.52,7.14,3,28,0.1716,fashion,email,promo,24.8,0.1743,1,3,0.2048,11,2,0.3204,0.545,26.0,2025-04-01 09:15:00,0
B2C,517,42.69,6.53,11,28,0.1644,fmcg,call,reminder,17.3,0.095,0,3,0.1445,14,3,0.0537,0.2365,38.0,2025-10-28 16:55:00,0
B2C,465,44.34,3.11,5,93,0.0,retail,sms,seasonal,0.49,0.0,0,1,0.0,6,5,0.0,0.4794,52.0,2025-11-13 17:50:00,0
B2C,299,82.16,10.51,7,77,0.2593,retail,messenger,reminder,32.59,0.1444,0,3,0.1322,7,3,0.3395,0.3721,18.0,2025-12-29 14:10:00,0
B2C,222,37.48,10.95,5,59,0.3441,pet_care,messenger,reminder,29.46,0.1205,1,2,0.1295,3,3,0.0914,0.5439,30.0,2025-12-03 16:35:00,0
B2C,308,32.03,8.5,8,116,0.16,retail,email,seasonal,25.53,0.1517,1,5,0.1035,6,1,0.0945,0.365,42.0,2025-07-13 11:30:00,1
B2C,458,50.39,6.7,9,12,0.2763,retail,sms,promo,36.73,0.1261,0,3,0.0497,11,1,0.1155,0.1941,41.0,2025-03-23 16:05:00,1
B2C,181,32.99,5.01,2,109,0.1201,fashion,email,reactivation,32.28,0.1121,1,0,0.0798,15,0,0.0939,0.6748,46.0,2025-04-13 11:55:00,0
B2C,250,34.38,5.21,4,32,0.0754,fmcg,sms,reminder,10.57,0.1796,1,3,0.1306,37,4,0.1743,0.1706,37.0,2025-02-17 18:25:00,0
B2B,269,221.44,13.08,11,11,0.2258,home_goods,email,promo,24.97,0.1409,0,3,0.1809,8,0,0.2011,0.8005,,2025-05-05 13:55:00,1
B2C,110,76.15,3.83,1,71,0.0,fmcg,email,reminder,0.0,0.0486,0,4,0.0513,24,1,0.0,0.5198,50.0,2025-05-24 12:50:00,0
B2B,614,162.23,13.81,18,98,0.0589,electronics,email,cross_sell,0.0,0.038,0,5,0.0157,25,4,0.0308,0.4336,,2025-05-03 14:35:00,0
B2C,330,38.57,6.6,6,50,0.1676,beauty,sms,promo,4.54,0.1222,0,1,0.0,8,4,0.1755,0.6147,31.0,2025-07-09 15:30:00,0
B2C,176,37.19,4.98,2,58,0.0884,home_goods,email,onboarding,26.98,0.1049,0,1,0.0788,20,1,0.0854,0.1039,46.0,2025-09-15 09:15:00,0
B2C,78,94.62,4.16,1,73,0.0576,electronics,messenger,reactivation,21.47,0.0,0,1,0.0,7,2,0.0277,0.2196,43.0,2025-05-31 13:55:00,0
B2B,544,120.0,8.95,14,8,0.1875,retail,email,promo,13.43,0.0974,0,7,0.0208,12,7,0.111,0.6783,,2025-09-17 15:20:00,0
B2C,133,26.37,4.52,1,62,0.1517,retail,messenger,promo,20.03,0.0798,0,2,0.0973,2,0,0.0,0.6407,40.0,2025-07-24 18:55:00,1
B2C,395,60.87,12.0,16,43,0.0941,home_goods,email,loyalty,26.83,0.1578,0,6,0.2624,16,3,0.2397,0.6189,39.0,2025-06-22 10:55:00,0
B2C,380,36.71,10.18,12,68,0.2678,beauty,messenger,promo,17.5,0.3041,0,4,0.2935,23,0,0.2534,0.1877,53.0,2025-10-19 15:30:00,1
B2B,695,176.98,9.58,29,77,0.0602,b2b_services,messenger,loyalty,3.77,0.0218,1,6,0.0,29,1,0.0,0.1919,,2025-07-01 19:40:00,0
B2B,1198,245.1,26.52,83,42,0.2716,retail,email,promo,21.72,0.2197,0,7,0.2049,3,3,0.2544,0.1143,,2025-05-03 14:25:00,1
B2B,569,183.44,10.84,17,19,0.3085,office_supplies,call,cross_sell,16.9,0.2305,0,10,0.1663,14,2,0.3017,0.4178,,2025-09-06 12:05:00,1
B2B,183,153.41,9.51,5,97,0.1152,b2b_services,messenger,reactivation,24.0,0.1382,0,2,0.1589,14,3,0.1924,0.513,,2025-04-07 12:10:00,0
B2C,340,50.41,12.16,10,76,0.2814,retail,email,cross_sell,29.35,0.0525,0,2,0.0782,8,2,0.1579,0.1531,30.0,2025-12-23 10:10:00,0
B2C,638,52.06,12.35,26,64,0.2128,home_goods,email,promo,14.88,0.2379,1,1,0.3127,37,4,0.2395,0.0364,55.0,2025-06-20 11:25:00,0
B2C,381,17.1,10.89,9,40,0.0626,pharma,email,loyalty,17.05,0.1376,0,3,0.2633,7,1,0.209,0.0481,38.0,2025-02-05 16:00:00,0
B2C,1022,28.83,8.85,27,30,0.3977,pet_care,sms,loyalty,30.14,0.2053,0,6,0.2208,23,1,0.2122,0.1975,31.0,2025-08-25 10:25:00,0
B2C,489,61.48,8.57,10,88,0.1743,pharma,sms,promo,35.76,0.1549,1,2,0.0624,17,2,0.167,0.3131,39.0,2025-02-24 13:20:00,1
B2C,677,57.85,10.36,18,1,0.2955,retail,sms,onboarding,29.06,0.2599,1,5,0.1121,27,0,0.2172,0.3446,34.0,2025-12-27 14:30:00,0
B2C,231,35.87,7.97,7,74,0.2141,pet_care,messenger,reminder,5.74,0.0,0,1,0.0,12,2,0.0794,0.3829,18.0,2025-05-22 11:35:00,0
B2C,1121,32.48,10.13,28,37,0.2617,home_goods,messenger,promo,30.83,0.0,0,5,0.103,21,4,0.0033,0.5034,39.0,2025-09-14 16:45:00,1
B2C,489,36.46,3.52,6,86,0.0681,electronics,sms,reminder,16.24,0.0,1,0,0.1057,22,5,0.0,0.5833,44.0,2025-07-29 15:45:00,0
B2C,286,62.85,6.54,4,70,0.2692,pharma,sms,seasonal,36.31,0.2421,1,4,0.193,1,1,0.2832,0.6799,42.0,2025-05-26 10:15:00,0
B2B,282,157.97,0.5,1,198,0.0,b2b_services,call,reactivation,0.0,0.0,0,2,0.1083,55,0,0.0,0.4113,,2025-06-06 12:25:00,1
B2C,253,74.32,10.87,6,40,0.2774,retail,sms,promo,55.04,0.1834,1,4,0.2299,14,3,0.124,0.7717,30.0,2025-08-01 13:40:00,0
B2C,652,49.17,7.59,19,79,0.3395,fmcg,email,reminder,45.12,0.1165,0,6,0.0047,6,3,0.1526,0.7555,43.0,2025-06-12 13:55:00,0
B2C,409,26.14,6.82,6,33,0.2724,electronics,messenger,promo,2.27,0.0334,1,1,0.0,27,5,0.035,0.9069,46.0,2025-11-23 10:55:00,0
B2C,401,28.36,4.18,5,55,0.153,fmcg,email,cross_sell,21.39,0.0264,0,1,0.0,16,2,0.0414,0.5488,29.0,2025-07-05 10:40:00,0
B2B,1452,164.27,8.88,35,22,0.1971,b2b_services,call,promo,15.9,0.1211,0,7,0.1094,7,2,0.0601,0.1872,,2025-08-05 09:00:00,0
B2C,386,58.46,6.03,7,73,0.0676,home_goods,email,reactivation,12.13,0.0,1,2,0.0443,27,4,0.0,0.5452,29.0,2025-04-12 13:15:00,0
B2C,541,79.04,8.06,12,93,0.2257,fashion,messenger,cross_sell,7.24,0.0701,0,2,0.0,23,2,0.0888,0.2093,46.0,2025-10-08 10:10:00,0
B2C,225,53.85,14.26,8,54,0.4024,retail,email,onboarding,42.99,0.2128,0,5,0.1203,15,1,0.2565,0.6538,41.0,2025-03-08 10:45:00,0
B2C,110,35.89,6.17,3,110,0.0636,electronics,messenger,reactivation,12.92,0.0,0,1,0.0,9,2,0.0588,0.6508,34.0,2025-07-25 12:55:00,0
B2C,1686,110.44,12.8,60,0,0.2985,pet_care,sms,cross_sell,26.9,0.1064,0,4,0.1902,14,2,0.0115,0.5871,34.0,2025-05-12 10:00:00,0
B2C,170,60.09,4.74,1,49,0.2184,electronics,email,onboarding,23.88,0.1325,1,2,0.0653,15,5,0.197,0.4416,32.0,2025-09-01 17:05:00,0
B2C,233,50.98,7.37,5,19,0.216,pet_care,messenger,cross_sell,20.3,0.15,0,2,0.3164,11,0,0.1666,0.603,38.0,2025-02-28 15:25:00,0
B2B,273,120.0,13.56,10,35,0.2514,electronics,call,cross_sell,29.25,0.0427,0,2,0.0,5,1,0.0017,0.3652,,2025-09-15 11:10:00,0
B2C,534,32.72,8.27,11,2,0.3841,pet_care,email,cross_sell,34.39,0.1761,0,8,0.2557,8,0,0.2341,0.261,37.0,2025-08-27 11:25:00,1
B2C,520,84.75,10.95,11,48,0.3108,fashion,email,reminder,26.73,0.0808,1,2,0.0253,14,1,0.0416,0.667,25.0,2025-02-24 13:15:00,0
B2B,269,125.37,10.19,8,0,0.2091,electronics,call,reminder,0.0,0.1391,0,3,0.0093,70,2,0.1364,0.3132,,2025-06-16 17:00:00,1
B2C,247,58.64,9.28,7,83,0.1686,pet_care,sms,cross_sell,20.51,0.2033,1,4,0.1582,24,4,0.3289,0.3634,37.0,2025-05-25 11:15:00,0
B2C,773,68.98,7.07,17,86,0.2989,pharma,email,reactivation,28.45,0.0072,0,3,0.0668,9,3,0.0911,0.3446,29.0,2025-09-27 08:45:00,0
B2C,1308,42.02,11.45,43,44,0.4309,beauty,email,loyalty,28.75,0.2008,0,7,0.2118,2,2,0.2831,0.3287,28.0,2025-11-16 14:00:00,1
B2C,625,32.67,9.76,15,56,0.135,fmcg,sms,onboarding,40.27,0.0,1,1,0.097,4,2,0.0424,0.5909,33.0,2025-12-09 16:50:00,0
B2C,604,12.0,9.41,19,9,0.2981,electronics,sms,reminder,28.09,0.2512,1,1,0.2462,21,2,0.3361,0.4812,37.0,2025-11-04 15:25:00,0
B2B,448,156.06,8.61,10,32,0.0804,electronics,sms,reminder,7.18,0.0343,0,9,0.0,11,1,0.0803,0.3429,,2025-04-19 13:20:00,0
B2C,511,26.7,7.38,10,24,0.111,pet_care,email,promo,12.48,0.0491,0,3,0.0151,21,3,0.0756,0.2767,34.0,2025-01-04 13:30:00,1
B2C,673,62.24,9.5,26,6,0.3195,fashion,messenger,promo,45.92,0.2702,1,0,0.2302,3,1,0.3255,0.6504,41.0,2025-04-11 13:35:00,1
B2C,306,59.75,8.15,8,76,0.1935,electronics,email,promo,22.07,0.1086,0,4,0.0313,7,3,0.1135,0.2435,48.0,2025-07-11 14:45:00,1
B2C,280,22.64,9.78,7,40,0.1556,fashion,messenger,loyalty,0.0,0.0449,0,1,0.0,29,4,0.0297,0.2422,20.0,2025-03-29 16:40:00,0
B2C,603,22.0,13.63,22,1,0.314,electronics,messenger,promo,33.49,0.2658,1,3,0.2158,41,2,0.3147,0.1198,48.0,2025-06-20 18:40:00,0
B2C,431,52.15,8.14,10,78,0.1823,fmcg,messenger,promo,29.02,0.1185,1,4,0.1017,4,0,0.1301,0.3277,46.0,2025-06-05 15:05:00,0
B2C,927,37.16,7.44,20,77,0.0,electronics,sms,promo,0.0,0.0539,0,7,0.0663,69,3,0.0,0.487,18.0,2025-03-25 09:30:00,0
B2C,1274,56.76,5.5,10,68,0.1754,home_goods,sms,onboarding,0.0,0.0882,1,3,0.1112,42,2,0.0836,0.4211,65.0,2025-03-04 17:00:00,0
B2C,365,23.41,10.54,10,36,0.1009,fashion,email,cross_sell,0.0,0.0546,0,3,0.1398,40,3,0.0972,0.1654,53.0,2025-12-04 09:05:00,1
B2C,264,38.96,8.02,6,23,0.2009,electronics,messenger,loyalty,29.35,0.1314,0,2,0.0781,9,0,0.0889,0.5757,34.0,2025-06-19 19:30:00,0
B2C,140,40.99,14.89,7,35,0.2364,beauty,messenger,seasonal,28.69,0.1344,0,7,0.2437,11,2,0.1794,0.5648,28.0,2025-02-24 17:10:00,0
B2C,136,52.31,5.98,1,36,0.248,pet_care,messenger,reminder,1.67,0.0,0,3,0.0801,25,0,0.0,0.8496,37.0,2025-12-14 12:35:00,0
B2B,1247,139.94,14.66,46,0,0.3344,b2b_services,email,cross_sell,27.6,0.1761,1,7,0.148,11,4,0.2766,0.41,,2025-12-26 14:30:00,1
B2B,329,185.49,12.52,9,61,0.1943,electronics,email,reminder,24.35,0.242,1,3,0.2005,24,3,0.2757,0.1633,,2025-02-17 15:20:00,1
B2C,85,46.07,6.04,2,50,0.2432,pharma,call,reactivation,33.69,0.1219,1,3,0.212,2,0,0.1585,0.6077,42.0,2025-12-16 14:30:00,1
B2C,240,54.15,9.78,8,59,0.1932,pet_care,messenger,promo,0.78,0.0563,1,3,0.0953,23,0,0.1104,0.4843,30.0,2025-06-02 19:25:00,1
B2B,373,349.76,17.25,27,0,0.4133,pharma,email,loyalty,42.61,0.2309,0,3,0.2854,9,2,0.2651,0.7082,,2025-07-31 11:35:00,1
B2B,319,120.0,8.22,8,115,0.2592,b2b_services,call,promo,0.0,0.0061,1,3,0.0683,17,2,0.0,0.6159,,2025-07-09 13:05:00,0
B2C,282,43.88,11.49,9,97,0.1797,pet_care,messenger,seasonal,25.08,0.1308,0,6,0.1016,3,4,0.2042,0.3381,36.0,2025-05-05 12:45:00,0
B2C,203,51.56,6.85,3,54,0.1508,pet_care,messenger,reactivation,10.3,0.0,0,2,0.04,17,1,0.0332,0.2867,37.0,2025-03-23 14:25:00,1
B2B,759,505.62,19.34,43,31,0.2795,electronics,email,reminder,0.0,0.2797,1,3,0.3214,45,3,0.3215,0.5608,,2025-02-08 11:35:00,0
B2C,228,23.98,10.11,7,1,0.2131,home_goods,sms,promo,16.41,0.1509,1,3,0.1187,29,2,0.1724,0.3792,56.0,2025-03-21 15:50:00,1
B2B,766,273.01,11.29,25,0,0.2836,office_supplies,messenger,loyalty,18.31,0.1707,1,5,0.3326,13,3,0.2235,0.4408,,2025-05-01 18:20:00,1
B2B,1173,151.0,20.99,69,19,0.4306,electronics,email,reminder,18.97,0.222,1,4,0.2553,20,2,0.0799,0.2861,,2025-07-12 17:10:00,1
B2C,106,25.91,7.61,3,50,0.0,electronics,messenger,promo,23.15,0.0424,0,2,0.0,9,2,0.0486,0.4215,53.0,2025-12-29 11:05:00,0
B2C,283,91.16,5.54,4,71,0.1744,beauty,email,reminder,36.6,0.0249,1,4,0.0479,14,2,0.0593,0.358,19.0,2025-05-21 16:55:00,1
B2C,1048,54.05,4.43,14,88,0.1739,beauty,messenger,seasonal,31.25,0.1553,1,6,0.162,1,3,0.1459,0.5426,43.0,2025-03-31 14:55:00,0
B2B,434,202.84,8.19,11,50,0.1797,office_supplies,email,onboarding,12.69,0.187,1,4,0.2196,8,2,0.2331,0.6882,,2025-10-06 11:45:00,0
B2C,282,32.17,4.93,5,47,0.1037,home_goods,call,promo,0.0,0.0213,0,4,0.0606,53,3,0.0,0.0861,37.0,2025-05-07 14:15:00,0
B2C,513,36.32,9.56,12,52,0.268,home_goods,call,loyalty,21.46,0.1196,0,2,0.16,17,0,0.2734,0.1181,41.0,2025-03-05 17:20:00,0
B2B,571,120.0,11.09,22,31,0.1828,office_supplies,sms,promo,0.0,0.1224,1,5,0.1309,11,1,0.1037,0.4604,,2025-03-11 18:55:00,0
B2C,556,52.82,8.33,11,6,0.3016,electronics,sms,onboarding,45.16,0.0,0,2,0.0,3,3,0.0,0.4204,59.0,2025-09-18 13:50:00,0
B2B,629,120.0,16.14,31,8,0.1469,retail,sms,promo,0.0,0.2993,0,8,0.2669,33,4,0.3624,0.2095,,2025-05-16 14:45:00,0
B2B,290,137.3,5.76,5,88,0.2047,electronics,call,promo,18.49,0.1566,1,7,0.1491,9,0,0.0881,0.0962,,2025-03-05 13:10:00,0
B2C,57,40.44,5.3,1,57,0.199,beauty,email,promo,5.7,0.0,1,2,0.0387,4,2,0.0417,0.1794,23.0,2025-08-03 17:25:00,0
B2C,52,51.16,8.19,3,32,0.2597,home_goods,messenger,promo,35.91,0.2375,1,3,0.3057,17,1,0.2762,0.3717,35.0,2025-08-04 13:10:00,1
B2C,128,22.16,7.5,2,55,0.0684,beauty,sms,reminder,12.34,0.1433,1,1,0.1318,23,3,0.2274,0.2499,18.0,2025-03-23 13:15:00,0
B2C,272,39.57,7.78,8,35,0.224,electronics,sms,cross_sell,33.97,0.1213,0,5,0.0436,14,2,0.1281,0.1262,70.0,2025-11-22 11:25:00,0
B2C,198,45.41,5.02,2,43,0.1166,fmcg,email,cross_sell,7.69,0.0902,1,2,0.1692,26,2,0.0,0.116,28.0,2025-10-07 14:30:00,0
B2C,1091,36.01,8.4,30,35,0.1496,home_goods,email,loyalty,2.47,0.1683,0,7,0.216,34,6,0.083,0.2943,25.0,2025-12-23 11:45:00,0
B2B,280,269.62,5.45,3,78,0.0,office_supplies,messenger,promo,2.14,0.0446,0,2,0.0773,19,2,0.0936,0.3356,,2025-03-31 12:15:00,0
B2C,158,73.82,6.69,2,82,0.1302,electronics,sms,promo,18.59,0.0,1,0,0.0,7,2,0.0,0.7671,24.0,2025-05-09 17:55:00,0
B2C,403,34.66,6.8,4,64,0.2484,electronics,sms,seasonal,16.46,0.104,1,0,0.0925,11,1,0.2143,0.6749,18.0,2025-10-30 10:00:00,1
B2B,812,221.33,18.16,41,0,0.3309,office_supplies,email,promo,41.11,0.409,0,2,0.4692,12,3,0.3319,0.8475,,2025-07-09 15:50:00,1
B2C,645,49.7,12.34,22,23,0.355,home_goods,email,loyalty,38.99,0.2402,0,1,0.214,14,4,0.3031,0.1265,35.0,2025-02-09 10:15:00,0
B2C,294,26.85,9.74,13,63,0.1428,home_goods,messenger,loyalty,26.79,0.1515,0,1,0.0676,13,6,0.1347,0.1936,26.0,2025-02-03 18:50:00,0
B2C,76,42.12,11.5,3,43,0.3712,fmcg,sms,onboarding,12.62,0.1224,0,1,0.2008,33,1,0.0557,0.4574,24.0,2025-01-01 14:50:00,0
B2C,779,62.14,7.67,14,38,0.1382,fashion,email,promo,0.0,0.0845,1,5,0.0816,27,3,0.1976,0.4972,33.0,2025-09-30 11:00:00,1
B2C,147,49.88,8.0,4,24,0.1716,retail,email,seasonal,24.72,0.1524,0,0,0.1899,21,3,0.2768,0.3795,47.0,2025-07-24 12:50:00,1
B2C,222,76.99,10.8,7,43,0.3009,fmcg,messenger,reminder,31.3,0.1253,0,3,0.0919,5,1,0.1022,0.6765,35.0,2025-02-01 18:35:00,0
B2C,186,21.92,7.52,4,40,0.1565,retail,email,seasonal,2.63,0.1724,1,2,0.1079,21,3,0.0215,0.3841,36.0,2025-11-19 16:40:00,0
B2B,1472,127.46,7.63,36,0,0.1853,office_supplies,email,seasonal,24.96,0.1091,1,3,0.077,1,2,0.3724,0.5171,,2025-01-06 10:55:00,0
B2C,1101,38.9,10.22,41,55,0.1317,home_goods,messenger,promo,13.05,0.1916,1,4,0.1949,11,3,0.2148,0.1819,42.0,2025-12-18 17:45:00,1
B2C,415,28.86,10.91,11,27,0.1874,pet_care,email,loyalty,29.04,0.2435,0,3,0.262,11,1,0.3043,0.4102,24.0,2025-03-28 14:30:00,1
B2C,246,49.12,9.11,5,43,0.0942,fmcg,sms,seasonal,20.19,0.1515,1,2,0.193,15,3,0.2077,0.4536,43.0,2025-03-17 10:10:00,0
B2C,611,76.08,8.66,15,50,0.1781,fmcg,email,reminder,14.09,0.0385,0,5,0.0,16,5,0.0427,0.0236,43.0,2025-10-12 11:10:00,0
B2C,469,33.81,7.33,5,81,0.069,fmcg,messenger,loyalty,17.2,0.1266,0,2,0.125,3,2,0.0755,0.6815,46.0,2025-08-16 12:10:00,1
B2C,1018,21.79,7.34,18,74,0.1938,fmcg,messenger,promo,10.27,0.0,0,3,0.0,15,4,0.0112,0.8789,55.0,2025-02-03 17:00:00,1
B2C,183,56.83,7.74,3,47,0.1849,home_goods,call,reactivation,0.0,0.0,0,4,0.0966,19,0,0.0631,0.3287,35.0,2025-12-01 13:20:00,0
B2C,186,47.85,8.66,4,61,0.1074,pet_care,sms,promo,0.0,0.0,0,3,0.0,33,0,0.0909,0.3179,35.0,2025-01-25 10:30:00,0
B2C,300,30.96,3.12,3,79,0.2495,home_goods,sms,cross_sell,42.56,0.0,0,5,0.0,4,2,0.0,0.7589,24.0,2025-08-20 14:20:00,1
B2C,131,43.13,8.72,2,35,0.1634,home_goods,email,cross_sell,0.0,0.0748,1,4,0.0108,15,1,0.0,0.483,31.0,2025-10-19 08:40:00,0
B2B,733,120.0,10.65,14,10,0.1804,retail,email,seasonal,15.85,0.258,1,4,0.2934,10,2,0.3366,0.3108,,2025-01-31 14:00:00,1
B2C,567,36.08,5.42,9,110,0.0773,home_goods,email,reactivation,17.51,0.0,0,2,0.0241,12,5,0.0,0.367,34.0,2025-01-18 11:15:00,0
B2B,693,273.4,5.43,7,89,0.0327,pharma,email,promo,0.0,0.0719,0,2,0.0771,27,5,0.0,0.9091,,2025-05-01 15:50:00,0
B2C,236,39.09,6.15,5,56,0.2432,beauty,sms,reminder,9.21,0.1591,1,4,0.1543,16,1,0.0329,0.3932,48.0,2025-01-08 16:50:00,0
B2C,255,31.76,8.09,6,1,0.3865,fashion,sms,loyalty,32.08,0.081,0,1,0.0,6,1,0.0,0.2377,64.0,2025-12-11 10:50:00,0
B2C,330,38.7,4.29,5,93,0.1027,fashion,email,promo,14.6,0.0841,0,3,0.2195,38,1,0.1063,0.4017,34.0,2025-04-30 14:50:00,0
B2C,671,45.47,4.82,11,55,0.225,electronics,messenger,promo,33.67,0.0673,0,5,0.1212,5,1,0.0,0.6795,48.0,2025-02-03 14:05:00,0
B2B,696,122.97,22.15,47,0,0.3408,b2b_services,email,reminder,5.68,0.1835,0,6,0.2123,42,3,0.1409,0.2349,,2025-02-19 08:50:00,0
B2C,449,34.93,2.3,2,148,0.1098,fashion,sms,onboarding,13.66,0.0,0,4,0.0,29,3,0.0051,0.4501,30.0,2025-08-05 14:10:00,0
B2C,650,86.36,7.55,15,77,0.1215,retail,email,reactivation,36.83,0.1938,0,4,0.2101,12,3,0.1114,0.7858,51.0,2025-08-12 16:05:00,1
B2B,594,365.33,10.72,19,91,0.108,pharma,sms,reminder,15.19,0.2065,0,5,0.1571,9,1,0.1484,0.4637,,2025-02-08 16:25:00,0
B2B,226,195.64,4.95,4,46,0.1284,pharma,call,cross_sell,18.93,0.1888,0,3,0.2027,14,2,0.1855,0.1297,,2025-12-17 13:45:00,0
B2C,177,25.49,12.7,6,44,0.3038,retail,messenger,cross_sell,26.16,0.4183,0,2,0.4827,9,2,0.5355,0.5963,35.0,2025-01-08 13:35:00,1
B2C,489,44.63,14.41,17,69,0.2946,fmcg,email,promo,31.58,0.1443,0,7,0.0,7,3,0.0392,0.2746,48.0,2025-09-28 09:55:00,0
B2C,291,40.88,3.81,3,78,0.1606,home_goods,messenger,loyalty,33.17,0.1276,0,3,0.0991,13,2,0.0694,0.647,50.0,2025-02-25 12:40:00,0
B2B,1428,228.4,12.81,62,72,0.1343,electronics,email,reminder,10.5,0.2299,0,5,0.1774,17,5,0.2085,0.4879,,2025-03-01 08:20:00,0
B2B,659,251.01,18.42,26,42,0.1975,retail,email,cross_sell,33.3,0.1701,0,10,0.1012,11,4,0.2531,0.7225,,2025-01-06 09:05:00,0
B2B,1612,138.78,4.89,23,28,0.1796,retail,messenger,cross_sell,11.97,0.0383,1,5,0.1076,26,4,0.0,0.2214,,2025-10-31 17:15:00,0
B2C,89,112.62,6.45,1,80,0.1218,fashion,email,onboarding,28.96,0.0017,0,3,0.035,10,2,0.1295,0.2098,37.0,2025-09-10 08:55:00,1
B2B,873,613.93,13.71,30,17,0.3192,home_goods,call,cross_sell,29.24,0.1605,0,7,0.2448,23,3,0.2416,0.0319,,2025-12-26 15:45:00,0
B2C,768,37.48,6.86,14,29,0.2175,fmcg,email,seasonal,36.67,0.1091,1,5,0.0804,5,2,0.156,0.5113,41.0,2025-11-18 09:35:00,0
B2B,599,120.0,13.08,16,66,0.0839,b2b_services,call,reactivation,5.17,0.1406,1,3,0.2073,18,1,0.1294,0.4756,,2025-06-30 11:20:00,0
B2C,945,41.57,2.48,6,104,0.0567,pet_care,email,reminder,0.0,0.1129,1,7,0.0529,22,4,0.1749,0.6727,37.0,2025-11-09 10:50:00,0
B2B,277,162.65,13.33,14,48,0.2307,b2b_services,email,reactivation,19.58,0.2865,1,4,0.2946,12,1,0.0989,0.015,,2025-04-03 09:25:00,1
B2C,497,35.89,1.92,1,125,0.1074,retail,email,seasonal,0.0,0.0848,1,7,0.1891,42,1,0.06,0.4288,49.0,2025-02-06 11:40:00,0
B2C,580,45.66,6.95,5,35,0.1683,home_goods,email,promo,12.58,0.0939,1,3,0.1208,17,4,0.0774,0.1654,18.0,2025-06-13 10:25:00,1
B2C,167,127.95,9.06,4,29,0.1769,pharma,email,cross_sell,29.6,0.1298,1,6,0.1842,15,1,0.1709,0.0603,41.0,2025-08-01 14:35:00,1
B2C,254,56.78,8.47,6,84,0.1617,pharma,sms,reminder,10.02,0.0158,1,4,0.0,2,3,0.0,0.2087,18.0,2025-10-13 09:45:00,0
B2C,538,28.52,4.61,9,0,0.1889,electronics,email,promo,0.0,0.0315,0,3,0.0783,38,3,0.0,0.6523,28.0,2025-04-24 10:45:00,0
B2C,436,47.24,10.68,10,45,0.4064,beauty,email,loyalty,24.53,0.0433,0,7,0.0793,10,0,0.0286,0.3037,36.0,2025-01-19 11:50:00,0
B2B,95,293.89,16.68,4,95,0.2604,pharma,email,reminder,33.39,0.2573,1,4,0.2974,6,0,0.2621,0.3754,,2025-09-11 10:05:00,0
B2B,663,197.55,8.01,18,49,0.1325,retail,email,cross_sell,23.46,0.107,0,9,0.2298,4,2,0.1287,0.1896,,2025-07-09 12:55:00,1
B2C,452,26.67,6.28,9,42,0.1293,home_goods,email,cross_sell,31.37,0.0463,1,3,0.0,8,2,0.1424,0.8491,18.0,2025-08-29 10:35:00,0
B2C,164,45.93,9.62,4,95,0.2388,fmcg,email,cross_sell,11.89,0.1766,0,3,0.1894,22,1,0.1454,0.0718,40.0,2025-07-16 16:50:00,0
B2B,688,137.41,10.66,19,22,0.2721,retail,call,promo,40.16,0.1847,1,5,0.1725,4,1,0.1637,0.2757,,2025-02-12 16:10:00,1
B2C,892,50.35,6.77,16,50,0.2941,beauty,messenger,cross_sell,30.04,0.17,0,8,0.2571,11,4,0.2259,0.247,50.0,2025-10-10 17:20:00,0
B2C,592,49.16,5.37,7,0,0.3076,electronics,messenger,promo,23.24,0.1898,1,7,0.1445,12,4,0.1354,0.5838,37.0,2025-03-08 12:05:00,1
B2C,368,35.29,10.55,15,0,0.283,beauty,email,loyalty,30.13,0.1687,0,3,0.1323,10,1,0.1463,0.1656,39.0,2025-12-10 08:50:00,0
B2C,551,45.26,14.34,20,28,0.2725,fashion,email,cross_sell,20.95,0.1441,0,5,0.1201,30,0,0.1516,0.4757,41.0,2025-01-18 12:30:00,0
B2C,284,93.83,8.35,7,29,0.2752,fashion,sms,cross_sell,45.56,0.2797,0,3,0.1408,2,2,0.4023,0.3771,53.0,2025-07-27 11:50:00,1
B2C,774,27.1,9.94,14,7,0.355,retail,messenger,cross_sell,45.03,0.2626,0,2,0.2458,7,3,0.3693,0.5898,41.0,2025-10-18 16:15:00,1
B2B,473,156.81,11.45,20,4,0.1827,office_supplies,call,promo,7.0,0.143,0,2,0.1409,11,2,0.211,0.5737,,2025-09-14 12:15:00,0
B2C,449,19.85,11.71,17,69,0.288,home_goods,messenger,cross_sell,28.79,0.1423,0,3,0.2445,1,2,0.2223,0.2693,50.0,2025-08-03 14:35:00,0
B2B,830,213.4,12.22,24,53,0.15,b2b_services,email,reminder,0.0,0.1022,0,3,0.1087,16,2,0.0723,0.4456,,2025-03-29 17:50:00,0
B2C,164,27.66,10.18,5,62,0.0856,electronics,email,reminder,20.82,0.0853,1,1,0.1385,17,1,0.163,0.529,55.0,2025-11-29 16:00:00,0
B2C,184,65.52,8.5,4,56,0.1918,pharma,call,onboarding,4.58,0.0,0,0,0.0,20,1,0.0076,0.3786,47.0,2025-09-05 12:35:00,0
B2C,819,41.41,7.42,12,57,0.1908,beauty,sms,onboarding,17.87,0.0805,0,5,0.2151,12,2,0.1048,0.3878,32.0,2025-07-28 16:50:00,0
B2B,434,319.06,16.76,20,42,0.3159,retail,email,promo,29.19,0.2667,0,2,0.1904,13,0,0.2152,0.1236,,2025-01-29 09:10:00,0
B2C,429,56.66,11.99,13,60,0.2339,fashion,sms,reminder,42.77,0.1124,1,4,0.1155,12,4,0.012,0.2624,49.0,2025-01-29 16:45:00,0
B2C,592,106.34,6.85,12,72,0.1875,beauty,messenger,loyalty,33.6,0.1252,0,1,0.0789,5,2,0.2328,0.9316,20.0,2025-02-19 12:00:00,0
B2B,339,120.0,21.16,17,68,0.4021,electronics,call,reactivation,28.14,0.2374,0,6,0.1484,9,0,0.3559,0.3347,,2025-04-20 15:35:00,0
B2C,248,72.38,9.55,6,47,0.2458,pet_care,email,cross_sell,17.46,0.1007,0,5,0.2269,30,1,0.0081,0.3553,51.0,2025-03-22 15:05:00,0
B2C,452,75.48,5.71,9,29,0.2772,electronics,messenger,cross_sell,53.51,0.2553,0,1,0.1979,1,2,0.2954,0.7791,52.0,2025-01-02 18:20:00,0
B2C,368,50.44,11.9,8,61,0.0794,fashion,call,loyalty,18.68,0.1152,0,4,0.1788,8,0,0.2149,0.7956,39.0,2025-04-08 10:30:00,0
B2C,548,23.39,7.61,15,64,0.2519,home_goods,messenger,cross_sell,41.87,0.1431,1,0,0.1629,5,3,0.1071,0.4734,41.0,2025-05-30 17:15:00,0
B2C,877,76.99,13.12,35,0,0.3458,fashion,email,cross_sell,45.89,0.2816,0,4,0.269,4,5,0.3293,0.3654,39.0,2025-12-13 13:25:00,1
B2C,711,26.18,10.71,27,0,0.3485,home_goods,call,seasonal,19.32,0.3773,1,4,0.4271,19,2,0.2785,0.3628,37.0,2025-07-04 17:05:00,0
B2C,618,49.36,8.65,15,75,0.0882,pharma,sms,onboarding,0.0,0.0498,1,6,0.0,43,3,0.0486,0.161,31.0,2025-10-01 10:45:00,0
B2B,1262,357.0,14.38,62,43,0.3901,retail,call,reminder,22.32,0.2682,1,4,0.3117,17,4,0.4586,0.264,,2025-07-12 10:15:00,0
B2C,729,47.24,8.43,19,106,0.1989,beauty,sms,seasonal,27.49,0.1027,1,1,0.1433,11,2,0.0588,0.2652,40.0,2025-11-03 13:05:00,1
B2C,761,21.44,7.32,7,55,0.113,fashion,sms,reminder,22.98,0.0747,0,3,0.1371,3,5,0.0,0.3552,60.0,2025-12-05 15:10:00,0
B2C,232,33.84,7.35,4,86,0.1188,electronics,sms,promo,26.32,0.1435,0,3,0.0533,7,4,0.0631,0.774,34.0,2025-02-10 15:00:00,0
B2C,244,53.04,6.89,5,124,0.0892,home_goods,email,reactivation,0.0,0.0,1,1,0.0367,29,1,0.0,0.9338,31.0,2025-01-21 14:00:00,0
B2C,987,36.27,6.91,25,49,0.3186,beauty,messenger,loyalty,24.38,0.1268,1,3,0.1916,7,3,0.2283,0.7358,56.0,2025-02-20 15:45:00,1
B2B,510,120.21,8.37,11,53,0.261,b2b_services,call,reminder,3.18,0.0224,1,3,0.0033,18,3,0.0,0.5096,,2025-01-25 14:25:00,0
B2C,423,75.42,4.61,6,113,0.1144,electronics,sms,loyalty,8.09,0.1031,0,2,0.1429,27,2,0.0765,0.5084,39.0,2025-10-01 16:45:00,1
B2C,455,105.87,8.05,7,85,0.0929,beauty,messenger,loyalty,0.0,0.1483,0,5,0.161,22,3,0.1853,0.42,23.0,2025-08-21 18:20:00,0
B2B,913,335.39,11.22,20,10,0.3717,electronics,email,cross_sell,37.42,0.3415,1,7,0.3879,14,3,0.3896,0.8391,,2025-10-27 15:15:00,0
B2C,942,37.55,8.93,24,69,0.2622,home_goods,email,reactivation,39.68,0.1736,0,5,0.1925,14,3,0.214,0.8685,30.0,2025-11-28 12:55:00,0
B2C,518,26.16,7.97,10,7,0.3073,pharma,email,promo,28.92,0.2213,1,3,0.2607,16,7,0.2974,0.4378,44.0,2025-10-30 11:10:00,0
B2B,370,120.0,19.32,18,58,0.2728,retail,email,reminder,9.97,0.1874,0,3,0.2085,31,4,0.1999,0.6521,,2025-11-11 10:05:00,1
B2C,297,80.53,0.5,1,208,0.0,electronics,sms,cross_sell,7.07,0.0,1,3,0.0797,16,3,0.2542,0.8279,27.0,2025-06-10 16:30:00,0
B2C,367,38.88,2.93,3,118,0.1464,pet_care,sms,promo,21.38,0.1894,0,4,0.2408,13,4,0.2003,0.2154,18.0,2025-03-27 17:00:00,0
B2B,771,170.94,9.79,17,27,0.2836,electronics,email,loyalty,28.01,0.2004,0,4,0.2011,13,1,0.41,0.5216,,2025-09-17 10:50:00,0
B2C,331,40.5,10.47,9,44,0.2248,beauty,messenger,reminder,12.9,0.3006,1,4,0.291,28,1,0.3929,0.514,40.0,2025-09-21 17:00:00,1
B2C,261,70.68,9.77,6,28,0.2056,fmcg,sms,promo,15.48,0.0744,0,2,0.0497,12,4,0.1468,0.3229,39.0,2025-09-06 13:25:00,0
B2C,332,57.2,11.23,8,77,0.2422,beauty,email,cross_sell,0.0,0.0674,1,4,0.0,25,3,0.1075,0.4949,26.0,2025-03-23 10:45:00,1
B2C,247,19.29,6.2,4,19,0.1484,pharma,messenger,loyalty,3.04,0.026,0,0,0.0,15,0,0.1572,0.349,48.0,2025-08-07 11:30:00,0
B2C,213,62.08,0.72,2,166,0.1286,fashion,messenger,loyalty,21.8,0.0,0,1,0.0,16,1,0.0,0.3188,37.0,2025-05-05 17:05:00,0
B2C,474,54.83,7.09,9,70,0.1322,beauty,sms,cross_sell,6.21,0.1154,0,4,0.1919,17,0,0.2357,0.4568,49.0,2025-10-07 12:05:00,0
B2C,358,71.93,2.97,5,101,0.2249,beauty,email,reactivation,42.59,0.1677,0,1,0.0527,4,3,0.1259,0.658,47.0,2025-02-16 10:40:00,0
B2C,450,119.96,8.78,10,41,0.2652,retail,messenger,cross_sell,37.6,0.2632,0,1,0.0924,10,0,0.3936,0.7444,44.0,2025-09-04 19:20:00,0
B2C,1048,62.02,8.71,26,73,0.1458,home_goods,messenger,promo,43.46,0.2514,1,4,0.4401,2,4,0.1626,0.8149,34.0,2025-10-04 17:10:00,1
B2B,267,198.71,18.95,10,41,0.2553,office_supplies,messenger,promo,27.83,0.165,1,1,0.1652,7,0,0.3089,0.8245,,2025-05-26 16:45:00,0
B2C,245,29.84,9.49,7,44,0.1319,pharma,sms,seasonal,3.9,0.0,0,4,0.0525,10,4,0.05,0.2527,41.0,2025-02-15 18:05:00,0
B2C,932,44.8,1.66,5,75,0.1277,pet_care,email,promo,26.18,0.2661,0,4,0.3908,15,2,0.2222,0.6085,31.0,2025-10-19 11:35:00,1
B2C,144,31.08,6.45,3,16,0.1621,home_goods,email,cross_sell,23.28,0.1038,0,3,0.111,5,2,0.1043,0.602,33.0,2025-08-04 11:30:00,0
B2C,169,49.94,3.86,2,83,0.1492,beauty,sms,cross_sell,30.33,0.1573,0,1,0.2342,8,0,0.1288,0.5556,24.0,2025-10-11 15:05:00,1
B2C,611,50.56,7.99,15,21,0.2055,fashion,messenger,seasonal,30.79,0.2431,1,6,0.2826,21,0,0.1927,0.1769,42.0,2025-12-31 10:45:00,1
B2C,170,83.1,9.49,3,48,0.131,retail,messenger,promo,23.59,0.1427,1,1,0.1134,4,0,0.119,0.4874,30.0,2025-01-30 18:35:00,0
B2C,135,35.61,9.93,4,15,0.3401,electronics,call,cross_sell,45.6,0.3647,1,0,0.3116,12,3,0.3054,0.1463,32.0,2025-12-28 13:05:00,0
B2B,1039,315.77,12.23,33,58,0.1721,pharma,email,cross_sell,20.3,0.0983,1,7,0.0319,8,5,0.2617,0.3304,,2025-03-23 17:50:00,0
B2B,327,257.61,18.28,16,9,0.2305,b2b_services,messenger,cross_sell,14.77,0.2134,1,4,0.2766,26,1,0.1642,0.7728,,2025-01-15 16:05:00,0
B2C,456,37.8,6.74,9,4,0.2064,pharma,messenger,promo,25.33,0.0278,0,5,0.0591,26,2,0.1192,0.0948,42.0,2025-01-29 14:00:00,0
B2C,608,37.3,8.08,13,44,0.1562,beauty,email,promo,3.14,0.0,0,6,0.0,31,2,0.0349,0.8289,29.0,2025-08-31 13:35:00,1
B2C,264,36.89,9.94,7,91,0.3013,fmcg,email,reminder,40.08,0.0,0,5,0.0,3,0,0.0469,0.2135,36.0,2025-11-16 12:10:00,0
B2C,527,56.87,4.61,7,80,0.0586,retail,sms,cross_sell,7.21,0.0,0,1,0.0526,6,0,0.0,0.4157,50.0,2025-01-15 18:50:00,1
B2C,697,41.76,8.05,13,59,0.1264,fmcg,sms,seasonal,6.89,0.0462,1,4,0.0582,13,5,0.064,0.2749,51.0,2025-02-04 17:00:00,0
B2C,273,23.5,9.34,10,27,0.156,home_goods,email,onboarding,8.58,0.0831,1,4,0.23,38,4,0.0449,0.4247,40.0,2025-11-02 11:20:00,0
B2C,355,12.0,6.2,7,71,0.1477,fmcg,email,loyalty,0.0,0.0595,0,1,0.0932,19,5,0.0147,0.3255,18.0,2025-03-29 13:55:00,0
B2C,115,44.0,4.63,2,104,0.1107,electronics,email,onboarding,0.0,0.0106,1,1,0.0866,44,3,0.0,0.5611,55.0,2025-08-26 11:10:00,0
B2C,558,24.75,10.3,15,23,0.1697,electronics,messenger,cross_sell,0.0,0.0838,0,2,0.1389,33,2,0.0,0.4373,42.0,2025-12-29 10:45:00,0
B2B,530,453.66,11.82,16,59,0.301,retail,call,reminder,31.97,0.2213,1,4,0.155,7,0,0.1415,0.5645,,2025-11-30 14:45:00,0
B2B,625,245.19,9.45,15,63,0.1779,b2b_services,call,cross_sell,29.11,0.2357,1,8,0.3161,9,3,0.3842,0.3856,,2025-05-15 11:10:00,0
B2C,1289,30.91,9.2,27,9,0.2253,fmcg,sms,seasonal,1.27,0.2192,1,4,0.0723,47,2,0.2031,0.663,25.0,2025-09-30 18:50:00,0
B2B,259,189.32,11.22,8,48,0.2524,b2b_services,call,promo,11.99,0.0985,0,4,0.1655,15,2,0.0523,0.6398,,2025-10-24 13:50:00,0
B2C,1269,32.74,5.88,16,7,0.2652,beauty,sms,cross_sell,14.1,0.1388,0,7,0.2511,11,6,0.1247,0.7663,31.0,2025-01-24 17:30:00,0
B2B,1661,212.53,25.31,107,36,0.5457,electronics,call,cross_sell,55.06,0.5479,1,3,0.538,2,3,0.6694,0.2031,,2025-01-25 10:20:00,1
B2C,1000,46.79,5.72,15,32,0.144,electronics,email,seasonal,12.81,0.0,1,9,0.0,21,1,0.097,0.5726,31.0,2025-08-04 11:40:00,0
B2C,466,72.68,6.28,7,54,0.2415,pet_care,sms,loyalty,22.13,0.2775,0,3,0.273,13,2,0.2704,0.3748,46.0,2025-09-11 17:45:00,1
B2B,752,120.0,9.34,23,2,0.2794,b2b_services,call,promo,30.69,0.1692,1,5,0.1716,2,1,0.1936,0.5802,,2025-08-23 12:05:00,0
B2C,408,59.07,6.48,7,29,0.2763,fmcg,sms,cross_sell,39.12,0.1224,0,4,0.2385,9,1,0.1038,0.1433,41.0,2025-08-16 14:50:00,0
B2C,938,45.24,9.72,16,77,0.1457,beauty,email,loyalty,28.41,0.0212,0,9,0.0555,5,2,0.0797,0.4167,18.0,2025-08-04 15:30:00,0
B2B,596,120.0,7.94,17,63,0.2752,retail,email,cross_sell,25.23,0.0,0,5,0.0,6,1,0.0012,0.272,,2025-06-08 12:55:00,0
B2C,150,46.59,2.88,1,135,0.106,electronics,email,promo,23.84,0.0,0,2,0.0322,10,3,0.0,0.2139,36.0,2025-07-19 09:50:00,0
B2C,158,64.38,11.79,7,112,0.1098,retail,sms,cross_sell,25.77,0.1147,0,3,0.0927,6,2,0.1119,0.2476,29.0,2025-07-17 11:05:00,1
B2B,337,261.94,9.62,9,77,0.1308,b2b_services,email,cross_sell,11.12,0.1105,0,2,0.0089,19,2,0.0,0.4261,,2025-08-21 08:30:00,0
B2C,212,30.2,10.44,8,58,0.1883,beauty,email,promo,18.45,0.1408,0,1,0.1705,2,2,0.002,0.3726,59.0,2025-12-16 15:05:00,0
B2C,936,33.99,10.02,19,54,0.3173,pet_care,call,promo,13.39,0.1052,0,8,0.1943,25,3,0.1647,0.5618,33.0,2025-02-27 12:05:00,0
B2B,1216,194.08,9.51,46,31,0.3711,electronics,call,promo,38.26,0.3438,1,8,0.4041,18,5,0.419,0.5006,,2025-01-23 16:15:00,1
B2C,446,25.58,4.54,6,109,0.0902,fmcg,sms,loyalty,5.6,0.0,0,3,0.0362,11,2,0.0,0.5915,43.0,2025-05-03 18:35:00,0
B2C,237,59.52,10.96,6,0,0.1846,fmcg,call,promo,6.85,0.1212,1,5,0.0374,25,4,0.2572,0.4843,57.0,2025-11-14 16:35:00,0
B2B,285,120.0,14.25,10,13,0.1214,office_supplies,email,cross_sell,21.29,0.117,0,6,0.1769,5,4,0.139,0.8274,,2025-10-21 16:35:00,0
B2C,414,34.21,5.23,6,50,0.1756,pharma,email,promo,13.95,0.0068,0,2,0.0,3,4,0.0,0.0666,34.0,2025-07-08 11:55:00,0
B2C,346,79.21,10.63,9,82,0.1249,pharma,sms,seasonal,45.2,0.0576,1,2,0.084,7,3,0.0,0.545,55.0,2025-07-16 13:55:00,0
B2C,1167,43.4,9.64,29,31,0.202,fmcg,email,reminder,0.0,0.0725,1,3,0.0591,26,6,0.1673,0.527,18.0,2025-12-15 16:45:00,0
B2B,553,120.4,4.75,9,53,0.0448,retail,messenger,loyalty,1.89,0.1108,0,1,0.1471,9,4,0.1466,0.7779,,2025-08-15 19:15:00,0
B2C,279,19.63,13.33,10,22,0.3834,fmcg,email,cross_sell,45.51,0.1611,0,3,0.1426,4,0,0.2764,0.6078,61.0,2025-11-30 13:00:00,1
B2C,872,24.47,9.25,26,4,0.3474,home_goods,messenger,cross_sell,45.18,0.1368,1,2,0.2119,11,1,0.0852,0.3395,34.0,2025-08-11 18:50:00,1
B2C,205,105.04,9.28,5,108,0.1172,pet_care,messenger,promo,0.0,0.0275,1,3,0.0,12,1,0.065,0.3626,38.0,2025-01-03 14:45:00,0
B2B,743,244.69,17.72,36,0,0.2632,b2b_services,call,reminder,18.57,0.2627,1,4,0.2207,15,4,0.2215,0.2559,,2025-03-14 12:00:00,0
B2B,463,250.31,16.11,16,27,0.3029,pharma,email,seasonal,39.31,0.347,1,6,0.182,2,3,0.3879,0.629,,2025-12-10 09:30:00,1
B2C,325,57.58,6.37,3,71,0.19,electronics,email,promo,37.72,0.1462,1,1,0.2104,13,1,0.297,0.4094,47.0,2025-11-21 11:00:00,1
B2B,1296,344.07,14.9,59,5,0.2953,office_supplies,email,cross_sell,0.0,0.2617,0,12,0.2315,62,5,0.3005,0.72,,2025-03-04 10:15:00,1
B2C,449,76.51,9.78,7,65,0.2276,home_goods,email,seasonal,0.0,0.0,0,3,0.1666,37,2,0.0129,0.3238,25.0,2025-04-07 10:45:00,0
B2C,706,65.42,3.96,10,112,0.3184,pet_care,messenger,cross_sell,35.79,0.0625,0,2,0.0829,8,1,0.0,0.2591,39.0,2025-02-07 11:55:00,0
B2C,364,52.87,8.45,9,53,0.21,fmcg,email,cross_sell,36.64,0.0819,0,8,0.1562,8,3,0.0167,0.3727,55.0,2025-06-03 11:25:00,0
B2C,676,41.74,8.45,10,63,0.2357,electronics,sms,reminder,42.07,0.1391,1,4,0.1263,12,4,0.2024,0.2572,30.0,2025-01-28 14:30:00,0
B2C,1626,52.22,4.39,16,49,0.0217,electronics,sms,reactivation,14.05,0.1519,0,4,0.0827,13,4,0.0801,0.4884,24.0,2025-05-15 13:45:00,0
B2C,347,54.75,10.32,10,112,0.0,electronics,sms,promo,17.32,0.107,0,4,0.007,15,5,0.0,0.3454,46.0,2025-07-05 14:45:00,0
B2C,558,32.76,10.5,20,100,0.388,fashion,email,loyalty,39.48,0.0693,0,7,0.0254,9,3,0.1264,0.2624,49.0,2025-12-24 16:25:00,0
B2C,520,41.76,12.63,20,58,0.1977,fashion,email,cross_sell,33.51,0.1517,0,2,0.2122,5,2,0.1936,0.1689,46.0,2025-01-28 15:00:00,1
B2C,602,61.72,9.04,17,57,0.016,retail,email,cross_sell,6.8,0.2714,0,6,0.1884,32,1,0.328,0.7383,29.0,2025-12-08 10:00:00,0
B2C,460,68.21,9.28,9,28,0.1665,electronics,messenger,cross_sell,17.54,0.2555,0,2,0.3769,17,4,0.2789,0.5075,52.0,2025-09-02 17:55:00,0
B2C,34,58.68,6.59,1,34,0.2523,home_goods,email,promo,23.81,0.104,1,3,0.093,26,4,0.1967,0.7936,18.0,2025-01-23 16:55:00,0
B2C,762,61.19,5.61,11,76,0.1939,electronics,sms,promo,18.84,0.3242,0,2,0.2736,20,4,0.252,0.3439,31.0,2025-10-01 16:55:00,0
B2C,508,61.15,6.08,9,70,0.2326,pharma,messenger,reactivation,28.28,0.0321,1,3,0.078,21,2,0.089,0.3277,23.0,2025-10-02 10:00:00,0
B2B,585,139.55,13.69,27,0,0.4676,home_goods,call,promo,24.57,0.2968,1,4,0.2144,19,2,0.2655,0.4791,,2025-01-05 12:30:00,1
B2B,286,121.54,9.2,8,61,0.1688,retail,messenger,promo,29.93,0.2199,0,2,0.2546,4,4,0.3243,0.4079,,2025-02-11 17:25:00,0
B2B,335,132.12,17.62,7,21,0.2901,b2b_services,sms,promo,26.95,0.2737,0,4,0.2621,10,3,0.2699,0.6897,,2025-09-03 13:45:00,0
B2B,1515,120.0,9.51,30,25,0.2635,home_goods,call,seasonal,17.92,0.0234,0,8,0.0,16,4,0.0731,0.2225,,2025-09-28 10:45:00,0
B2C,777,43.57,6.14,14,17,0.2317,pharma,sms,cross_sell,19.76,0.1309,1,2,0.095,14,2,0.124,0.3396,44.0,2025-12-12 18:25:00,1
B2C,501,36.23,5.59,6,115,0.0301,home_goods,sms,reminder,15.16,0.0544,0,0,0.0842,30,1,0.1055,0.4863,45.0,2025-12-24 12:05:00,0
B2C,524,17.89,5.94,9,117,0.027,beauty,messenger,onboarding,7.96,0.0995,1,4,0.1049,13,3,0.0785,0.6719,22.0,2025-06-20 19:45:00,0
B2C,660,183.76,7.29,15,67,0.1305,pet_care,email,promo,1.6,0.2065,0,4,0.0386,30,2,0.286,0.1409,29.0,2025-11-28 12:00:00,0
B2B,901,236.8,16.23,31,49,0.1124,retail,call,promo,5.84,0.2319,1,2,0.1827,31,3,0.1882,0.4435,,2025-10-10 13:45:00,0
B2B,948,308.46,15.47,45,21,0.2221,office_supplies,messenger,promo,25.37,0.2696,0,8,0.2585,11,5,0.2787,0.6215,,2025-03-04 18:40:00,0
B2C,112,22.49,9.22,2,0,0.2924,home_goods,sms,reminder,39.03,0.2222,0,3,0.2835,11,3,0.2729,0.3416,56.0,2025-10-05 12:15:00,0
B2B,1136,120.0,5.41,19,89,0.1133,electronics,email,promo,3.73,0.0062,0,7,0.0461,12,6,0.0,0.2446,,2025-11-25 14:55:00,0
B2B,1580,245.93,13.32,20,0,0.232,b2b_services,sms,cross_sell,0.0,0.0891,1,15,0.0787,30,5,0.1207,0.6487,,2025-06-02 14:55:00,0
B2B,553,259.11,10.92,19,7,0.2943,office_supplies,email,loyalty,23.95,0.1346,0,1,0.1666,12,1,0.138,0.1953,,2025-09-06 15:45:00,1
B2B,756,613.22,8.57,20,59,0.0715,office_supplies,call,onboarding,22.28,0.1778,0,3,0.0973,7,2,0.3343,0.0863,,2025-06-27 14:20:00,0
B2C,438,39.24,2.82,5,133,0.0,electronics,messenger,reminder,10.66,0.0,1,1,0.0,18,4,0.0125,0.7565,56.0,2025-12-17 11:10:00,0
B2B,1163,530.62,15.18,51,17,0.3375,b2b_services,sms,cross_sell,19.49,0.333,0,5,0.3347,5,5,0.4426,0.2179,,2025-01-02 18:10:00,1
B2C,787,47.91,11.34,35,5,0.4955,fashion,email,cross_sell,48.58,0.1877,0,0,0.3423,10,0,0.2951,0.5006,30.0,2025-12-17 16:40:00,1
B2C,556,53.02,8.15,13,26,0.2824,fashion,email,reminder,41.1,0.1378,0,1,0.1256,4,3,0.213,0.3728,18.0,2025-03-03 15:50:00,0
B2C,192,38.94,13.94,5,41,0.2531,beauty,email,promo,43.62,0.2087,0,2,0.182,3,4,0.2057,0.1993,30.0,2025-05-04 10:10:00,0
B2B,1066,453.77,10.67,49,0,0.4114,pharma,email,promo,39.14,0.3277,1,4,0.3588,2,3,0.2729,0.6527,,2025-05-29 14:25:00,1
B2B,1702,189.79,11.29,70,44,0.2707,office_supplies,messenger,promo,29.93,0.2024,0,9,0.2754,4,5,0.2683,0.1945,,2025-10-29 10:25:00,0
B2C,374,51.8,1.48,1,151,0.0172,fmcg,email,onboarding,13.35,0.0,1,4,0.0545,9,3,0.009,0.2656,48.0,2025-11-12 11:25:00,0
B2B,1948,465.22,11.75,65,33,0.2401,office_supplies,call,loyalty,27.58,0.2699,0,7,0.1908,13,6,0.4134,0.4987,,2025-07-26 13:20:00,1
B2C,747,25.94,13.89,22,33,0.2969,fmcg,email,loyalty,35.86,0.1809,0,4,0.2505,4,2,0.1684,0.5689,43.0,2025-04-09 13:30:00,0
B2C,199,62.71,0.5,1,199,0.0101,fashion,email,promo,19.26,0.0,0,3,0.0532,10,0,0.0025,0.4319,23.0,2025-10-02 11:45:00,0
B2C,1111,53.41,4.86,13,19,0.3387,electronics,email,cross_sell,37.6,0.09,0,5,0.1019,8,5,0.0603,0.4415,34.0,2025-02-26 12:30:00,0
B2B,382,258.66,14.91,16,41,0.1218,home_goods,email,promo,9.48,0.1646,0,2,0.0484,32,1,0.1089,0.3527,,2025-12-18 09:30:00,0
B2C,427,40.87,7.35,7,59,0.3493,electronics,email,loyalty,23.07,0.0563,0,4,0.1339,12,4,0.0984,0.6199,31.0,2025-05-03 12:55:00,0
B2C,1318,44.73,6.93,29,42,0.1666,fashion,messenger,seasonal,7.56,0.0,1,7,0.0,18,6,0.0,0.191,46.0,2025-06-10 13:20:00,0
B2B,680,162.94,11.0,14,2,0.152,b2b_services,email,cross_sell,22.16,0.2101,1,6,0.242,11,1,0.3232,0.4404,,2025-02-08 09:10:00,1
B2B,606,120.0,1.79,1,139,0.0505,electronics,email,reactivation,8.11,0.0813,1,6,0.0,6,1,0.0763,0.5231,,2025-08-13 08:15:00,0
B2B,566,345.01,5.24,8,119,0.0,b2b_services,call,onboarding,0.0,0.0,1,3,0.0,27,1,0.0,0.2743,,2025-06-26 13:00:00,0
B2C,237,64.8,7.92,6,42,0.2634,fmcg,email,cross_sell,13.58,0.1544,1,3,0.0963,34,2,0.2104,0.6234,46.0,2025-07-03 08:15:00,0
B2B,370,124.58,14.01,13,51,0.2035,retail,call,seasonal,23.93,0.1457,0,1,0.0833,12,0,0.1539,0.3815,,2025-07-19 14:55:00,0
B2B,413,305.06,6.78,8,62,0.1123,home_goods,messenger,loyalty,0.0,0.1742,1,4,0.095,23,2,0.1758,0.7772,,2025-10-28 15:55:00,1
B2C,695,29.5,4.53,9,67,0.3209,fmcg,email,cross_sell,32.29,0.0624,0,5,0.1668,1,4,0.0791,0.4748,44.0,2025-05-31 13:50:00,1
B2B,385,120.0,12.03,11,73,0.2557,b2b_services,email,cross_sell,26.23,0.2357,0,2,0.3463,15,1,0.1594,0.0727,,2025-03-27 08:40:00,0
B2C,445,53.71,4.06,7,54,0.0761,retail,messenger,loyalty,20.01,0.0,0,4,0.0868,18,4,0.0991,0.2319,60.0,2025-04-21 12:40:00,0
B2C,267,37.82,8.71,6,33,0.1975,electronics,sms,loyalty,33.0,0.1409,0,2,0.1179,3,1,0.1149,0.1601,35.0,2025-03-31 10:55:00,0
B2C,239,99.41,3.86,3,58,0.1732,home_goods,messenger,loyalty,4.37,0.0,0,1,0.0,28,2,0.0,0.3533,32.0,2025-11-07 15:45:00,0
B2B,343,120.0,13.14,11,58,0.2671,b2b_services,sms,cross_sell,20.5,0.2117,0,4,0.1971,7,2,0.2879,0.5655,,2025-08-11 17:25:00,0
B2C,274,72.26,4.99,2,75,0.1897,fmcg,sms,cross_sell,26.74,0.1063,0,3,0.0,5,5,0.1942,0.3296,62.0,2025-06-14 18:30:00,0
B2B,558,150.86,5.34,9,130,0.0,retail,call,cross_sell,0.0,0.0,0,4,0.0,17,1,0.1732,0.3075,,2025-07-08 15:55:00,0
B2B,741,120.0,11.16,20,34,0.3563,retail,call,reminder,26.92,0.1536,1,6,0.1283,8,3,0.1968,0.387,,2025-08-03 13:15:00,0
B2C,393,50.13,10.97,11,81,0.265,pharma,messenger,reminder,31.1,0.0219,0,7,0.0234,6,3,0.0618,0.2593,28.0,2025-10-09 11:25:00,0
B2B,179,164.84,10.23,6,54,0.0602,retail,email,promo,11.98,0.1168,0,1,0.1225,2,3,0.051,0.315,,2025-11-23 12:15:00,0
B2B,860,120.0,1.92,3,58,0.1235,office_supplies,email,promo,10.05,0.0,0,11,0.0,14,4,0.0,0.5893,,2025-03-28 16:10:00,1
B2C,208,65.73,13.16,8,60,0.1181,fmcg,email,seasonal,3.3,0.0013,0,1,0.003,23,1,0.0,0.5216,36.0,2025-06-20 12:10:00,0
B2C,285,84.96,2.02,2,145,0.0165,retail,email,seasonal,0.0,0.0,1,5,0.0752,36,5,0.1459,0.5645,43.0,2025-07-18 11:20:00,0
B2B,172,137.04,20.9,12,0,0.1802,home_goods,sms,reminder,22.67,0.4505,0,3,0.5259,16,3,0.4723,0.182,,2025-06-09 10:10:00,1
B2C,289,39.39,7.23,6,132,0.195,retail,sms,reactivation,6.9,0.0,0,6,0.0,14,3,0.0,0.4723,35.0,2025-07-03 09:40:00,0
B2B,745,272.2,14.68,25,18,0.3307,electronics,email,loyalty,25.82,0.239,0,6,0.2616,18,3,0.2392,0.3312,,2025-08-17 10:55:00,1
B2C,844,58.24,4.52,10,145,0.0305,fmcg,sms,reactivation,16.66,0.078,0,3,0.0176,10,1,0.0682,0.45,44.0,2025-07-10 17:50:00,0
B2B,1013,332.56,6.5,23,59,0.2537,home_goods,call,loyalty,15.73,0.0884,0,9,0.09,13,2,0.1542,0.5722,,2025-01-19 10:45:00,0
B2C,700,52.1,6.03,12,98,0.2536,electronics,sms,reactivation,41.0,0.0744,1,2,0.1544,12,4,0.0874,0.4294,50.0,2025-05-30 11:10:00,0
B2C,207,64.99,7.16,4,77,0.0538,fashion,email,cross_sell,0.0,0.0191,0,0,0.0227,37,2,0.0547,0.8293,43.0,2025-08-30 10:55:00,0
B2B,810,262.33,9.58,26,60,0.1123,b2b_services,email,reactivation,0.0,0.2666,1,8,0.2941,49,4,0.235,0.5249,,2025-03-23 16:00:00,1
B2C,360,29.82,2.48,2,107,0.1212,beauty,sms,reminder,16.46,0.0586,1,2,0.0,18,1,0.0425,0.0834,48.0,2025-04-10 16:00:00,0
B2C,289,71.91,9.16,5,34,0.3791,home_goods,email,seasonal,30.81,0.2508,0,0,0.3349,22,3,0.2173,0.3322,53.0,2025-06-25 12:10:00,0
B2C,994,43.02,10.21,27,61,0.218,fmcg,email,promo,24.11,0.098,1,2,0.0132,18,3,0.0435,0.9142,37.0,2025-12-17 16:30:00,0
B2B,451,190.97,5.81,5,93,0.1093,pharma,call,reminder,10.11,0.0501,0,1,0.0,5,2,0.2038,0.2241,,2025-02-06 14:30:00,1
B2B,304,361.24,13.38,15,25,0.2908,electronics,call,promo,21.05,0.1424,1,7,0.1394,9,3,0.1017,0.2199,,2025-12-28 12:30:00,0
B2B,382,426.29,15.11,18,56,0.2622,electronics,messenger,cross_sell,23.3,0.2393,0,4,0.1947,14,2,0.1511,0.7612,,2025-07-16 16:50:00,0
B2C,520,34.93,6.68,11,49,0.1933,beauty,sms,seasonal,14.96,0.1476,1,2,0.0548,11,2,0.2085,0.3731,51.0,2025-07-30 11:50:00,0
B2B,930,294.09,10.47,36,52,0.2425,electronics,sms,loyalty,24.4,0.0679,1,4,0.0148,6,4,0.0,0.5013,,2025-01-02 16:25:00,0
B2C,675,39.87,6.6,16,62,0.32,beauty,messenger,loyalty,36.59,0.1477,0,3,0.1305,11,3,0.0,0.4627,34.0,2025-06-19 14:10:00,0
B2B,1446,120.0,4.34,17,99,0.2122,pharma,email,reactivation,15.49,0.0605,1,4,0.1287,14,4,0.0241,0.2215,,2025-07-14 09:45:00,0
B2C,391,68.96,8.49,11,29,0.2268,pharma,sms,promo,9.88,0.0,1,2,0.0,10,3,0.0,0.2084,45.0,2025-08-26 18:50:00,0
B2C,92,62.54,9.66,3,92,0.1449,pet_care,email,promo,33.47,0.0749,0,4,0.042,21,3,0.0451,0.6852,43.0,2025-05-27 14:35:00,0
B2B,280,120.0,13.46,12,18,0.2674,b2b_services,email,reminder,15.95,0.2425,0,4,0.2625,17,3,0.1947,0.4768,,2025-11-17 10:35:00,0
B2B,589,173.56,6.5,12,101,0.4061,pharma,email,seasonal,46.7,0.109,1,5,0.1202,9,5,0.1821,0.3398,,2025-09-23 10:05:00,0
B2C,821,42.65,6.7,15,41,0.2245,home_goods,messenger,promo,16.18,0.0639,0,3,0.1448,12,0,0.0,0.4976,24.0,2025-05-19 15:55:00,0
B2C,118,26.22,6.92,3,38,0.0933,fashion,email,reminder,24.72,0.1642,1,3,0.1485,5,2,0.1,0.3727,58.0,2025-02-07 16:00:00,0
B2B,650,120.0,9.57,17,40,0.3016,retail,email,cross_sell,17.15,0.2325,0,5,0.263,18,1,0.3025,0.6136,,2025-06-04 14:00:00,0
B2B,521,310.64,9.25,17,62,0.1936,b2b_services,email,cross_sell,22.5,0.1245,0,6,0.1234,24,1,0.2451,0.612,,2025-03-23 17:20:00,0
B2C,420,57.79,6.33,8,72,0.0,beauty,messenger,reminder,0.0,0.0649,1,1,0.0,38,1,0.12,0.4667,69.0,2025-03-12 11:50:00,0
B2C,168,22.17,4.49,3,49,0.0682,fashion,sms,promo,17.79,0.0,0,5,0.1189,2,3,0.0023,0.9822,44.0,2025-07-03 11:15:00,0
B2C,319,37.22,7.82,7,0,0.3409,pharma,messenger,cross_sell,26.9,0.0917,0,1,0.026,23,2,0.215,0.1445,31.0,2025-10-29 13:20:00,0
B2C,545,91.07,6.82,8,80,0.2221,pharma,sms,reminder,28.63,0.0718,0,4,0.0435,2,4,0.0148,0.1687,33.0,2025-05-13 14:25:00,0
B2C,316,50.55,9.77,10,65,0.183,fmcg,messenger,loyalty,12.4,0.1574,0,3,0.1812,9,4,0.2638,0.8341,52.0,2025-05-10 16:30:00,1
B2C,1444,30.39,7.98,25,95,0.0719,retail,email,promo,0.0,0.0459,0,5,0.0,25,5,0.0109,0.3238,38.0,2025-01-15 11:55:00,0
B2C,455,33.31,7.26,12,49,0.2654,fmcg,sms,promo,27.28,0.0,1,1,0.0,7,4,0.0964,0.5741,30.0,2025-05-16 16:30:00,0
B2C,200,12.0,6.94,3,67,0.1758,fashion,email,reminder,22.67,0.1082,1,2,0.1821,8,1,0.0489,0.5133,18.0,2025-11-22 17:25:00,0
B2B,409,282.61,9.44,7,43,0.2508,pharma,email,seasonal,15.85,0.0597,1,0,0.0,11,0,0.2022,0.4484,,2025-10-25 10:35:00,0
B2C,168,30.31,2.07,2,54,0.0,fmcg,sms,promo,0.0,0.0484,0,1,0.0,38,3,0.0265,0.1217,46.0,2025-04-13 09:10:00,1
B2B,300,327.85,9.45,7,20,0.3221,office_supplies,call,promo,27.16,0.1838,0,2,0.0979,17,3,0.1458,0.2617,,2025-03-26 09:25:00,0
B2C,287,35.09,6.91,7,49,0.1197,beauty,sms,cross_sell,24.77,0.0035,0,2,0.0886,6,1,0.0,0.4791,21.0,2025-11-23 09:40:00,0
B2C,407,75.22,5.94,6,44,0.1589,electronics,sms,loyalty,17.51,0.1206,1,2,0.2113,10,3,0.069,0.5581,32.0,2025-08-10 15:20:00,0
B2C,690,31.61,12.19,29,21,0.1706,retail,sms,cross_sell,18.6,0.2405,0,2,0.2281,17,3,0.2867,0.8574,35.0,2025-08-05 13:00:00,1
B2C,415,42.21,4.16,5,78,0.148,electronics,sms,promo,43.62,0.093,1,2,0.1739,2,0,0.0761,0.8185,46.0,2025-12-19 18:25:00,0
B2B,771,209.2,8.84,13,86,0.1602,electronics,sms,loyalty,23.73,0.0502,0,3,0.1453,6,6,0.0265,0.541,,2025-03-10 18:00:00,0
B2C,380,21.82,6.03,8,50,0.1892,pet_care,email,cross_sell,14.44,0.0297,1,4,0.0248,4,1,0.0,0.6036,32.0,2025-02-28 15:45:00,0
B2C,1208,26.1,5.4,23,45,0.3474,pharma,messenger,promo,20.87,0.0781,0,4,0.1296,9,3,0.0547,0.4176,40.0,2025-08-23 13:20:00,1
B2B,576,394.2,11.57,13,33,0.3129,retail,sms,cross_sell,23.2,0.1353,0,2,0.2308,9,1,0.1594,0.2669,,2025-06-27 17:05:00,0
B2B,281,120.0,7.51,5,2,0.1351,electronics,messenger,seasonal,0.0,0.1136,1,1,0.1593,35,1,0.1578,0.3886,,2025-10-14 14:35:00,0
B2C,425,28.41,6.48,10,109,0.094,fmcg,email,cross_sell,27.55,0.0454,0,2,0.0,10,4,0.0054,0.3916,36.0,2025-10-25 14:10:00,0
B2B,559,330.22,7.08,9,85,0.2208,electronics,call,loyalty,12.42,0.1135,0,6,0.0358,34,3,0.0136,0.4006,,2025-02-14 14:45:00,0
B2C,147,40.52,2.86,1,96,0.1714,home_goods,call,reminder,30.39,0.0,0,2,0.0,21,1,0.0,0.71,33.0,2025-09-20 15:10:00,0
B2B,472,169.98,3.4,4,62,0.1139,electronics,messenger,reminder,0.0,0.0188,1,6,0.0,20,5,0.0865,0.2152,,2025-07-17 18:05:00,0
B2C,765,54.38,9.97,22,54,0.1321,pharma,email,loyalty,0.41,0.2056,1,7,0.1659,36,2,0.2358,0.358,34.0,2025-03-31 09:50:00,0
B2B,411,120.0,13.36,18,66,0.204,retail,call,cross_sell,20.82,0.2241,0,1,0.1124,10,2,0.1742,0.4187,,2025-10-03 09:30:00,1
B2C,85,46.49,17.03,4,38,0.3176,beauty,email,onboarding,39.93,0.1404,0,5,0.1944,8,1,0.2642,0.6162,22.0,2025-02-24 11:10:00,0
B2B,343,120.0,15.49,19,5,0.378,electronics,messenger,seasonal,37.12,0.3598,1,2,0.3783,13,1,0.4161,0.074,,2025-06-06 10:45:00,1
B2C,446,17.69,8.12,12,114,0.1552,retail,messenger,seasonal,13.78,0.1731,1,5,0.1642,33,0,0.0112,0.32,18.0,2025-02-05 13:05:00,0
B2C,545,33.44,9.07,11,88,0.1136,beauty,sms,cross_sell,0.0,0.0775,0,2,0.0,24,4,0.2075,0.7219,23.0,2025-10-07 15:30:00,0
B2C,452,40.19,5.67,9,96,0.2146,fmcg,email,cross_sell,33.95,0.0,0,6,0.0,11,1,0.0,0.4457,40.0,2025-02-26 11:55:00,0
B2B,859,188.53,9.99,18,38,0.2773,retail,email,cross_sell,0.0,0.2789,0,4,0.3601,27,6,0.2543,0.4277,,2025-04-08 08:45:00,0
B2C,122,42.3,10.11,2,33,0.2823,pet_care,email,seasonal,21.12,0.0954,1,4,0.0022,0,3,0.0379,0.2375,23.0,2025-06-30 10:50:00,0
B2C,464,70.72,4.13,5,65,0.0387,electronics,sms,reminder,5.6,0.0,1,8,0.0081,18,3,0.0129,0.112,70.0,2025-01-08 12:25:00,0
B2C,865,20.63,9.66,34,17,0.3542,retail,email,promo,28.29,0.2459,0,9,0.3047,5,4,0.1471,0.4168,51.0,2025-07-12 12:15:00,0
B2B,764,125.94,17.28,15,8,0.2111,retail,call,promo,29.12,0.197,0,4,0.1182,11,1,0.2323,0.6959,,2025-12-26 14:45:00,0
B2C,338,33.47,11.67,9,54,0.3038,pet_care,sms,promo,16.08,0.0244,0,3,0.0789,11,1,0.1076,0.7216,46.0,2025-03-12 12:10:00,0
B2C,219,25.24,2.21,2,62,0.2236,fashion,messenger,loyalty,31.37,0.0973,0,3,0.1184,13,3,0.1928,0.4855,52.0,2025-07-17 18:15:00,0
B2B,670,473.33,12.65,24,15,0.2699,retail,email,loyalty,2.44,0.1428,0,3,0.0617,15,3,0.1524,0.621,,2025-11-26 11:15:00,1
B2C,103,24.85,5.0,1,52,0.2378,beauty,sms,promo,25.95,0.1808,0,4,0.1542,12,1,0.1238,0.4533,72.0,2025-11-06 17:40:00,0
B2B,1540,346.97,8.64,40,76,0.1874,b2b_services,call,promo,6.27,0.1167,0,7,0.156,17,6,0.0417,0.4264,,2025-11-22 16:15:00,0
B2C,495,54.2,11.04,15,15,0.1422,fashion,sms,promo,35.15,0.2551,1,3,0.2742,5,1,0.2723,0.4451,36.0,2025-09-10 12:15:00,0
B2B,779,544.49,11.0,30,0,0.4001,office_supplies,email,reminder,38.02,0.2422,1,3,0.2853,1,4,0.3165,0.6278,,2025-12-25 08:05:00,1
B2B,1306,141.22,7.15,35,0,0.3149,home_goods,sms,onboarding,20.42,0.1888,1,5,0.2706,20,5,0.2988,0.4611,,2025-02-07 17:55:00,1
B2C,468,31.27,1.55,2,119,0.2056,fashion,email,onboarding,30.79,0.0,1,3,0.0905,15,2,0.0,0.5161,44.0,2025-04-20 16:15:00,0
B2C,387,44.93,13.66,10,54,0.2709,retail,email,promo,35.13,0.3645,0,4,0.3161,2,3,0.3687,0.4189,18.0,2025-07-02 11:55:00,0
B2B,1812,217.7,13.32,90,68,0.1912,retail,call,reminder,0.0,0.1682,1,11,0.0356,17,4,0.1605,0.7409,,2025-07-16 11:25:00,1
B2C,771,45.01,4.93,8,60,0.139,fashion,email,promo,25.02,0.0354,0,6,0.1189,16,3,0.0,0.4373,34.0,2025-06-02 09:20:00,0
B2B,336,266.92,7.83,6,39,0.1659,electronics,email,seasonal,0.0,0.0787,1,3,0.1231,30,3,0.1039,0.2538,,2025-06-02 11:40:00,0
B2C,642,33.53,6.58,16,60,0.1514,electronics,email,reactivation,0.0,0.0184,1,3,0.0303,26,4,0.0738,0.2701,43.0,2025-12-08 10:45:00,0
B2C,769,39.26,11.27,16,41,0.2231,home_goods,email,reminder,32.89,0.1599,1,2,0.2491,2,0,0.1329,0.1714,26.0,2025-04-28 10:25:00,1
B2C,230,70.95,9.88,6,70,0.2402,pet_care,messenger,reminder,48.3,0.2012,1,0,0.1726,3,1,0.1077,0.6037,28.0,2025-09-22 12:00:00,0
B2C,341,68.94,6.14,6,104,0.2205,fmcg,sms,reminder,20.49,0.0,0,2,0.0,11,4,0.0,0.0503,32.0,2025-02-02 13:20:00,0
B2C,764,55.71,9.14,15,7,0.326,retail,sms,loyalty,31.4,0.1625,1,3,0.1093,21,2,0.2741,0.8826,55.0,2025-01-06 09:15:00,0
B2B,1109,274.95,7.11,17,72,0.2414,office_supplies,call,cross_sell,18.51,0.0725,0,2,0.0447,3,5,0.0,0.2777,,2025-09-20 15:55:00,0
B2C,184,77.76,10.56,5,41,0.1652,retail,sms,promo,0.0,0.2013,0,3,0.1188,23,2,0.2314,0.192,43.0,2025-09-08 12:20:00,0
B2C,400,64.81,5.74,5,117,0.0012,pet_care,sms,cross_sell,8.13,0.0,0,2,0.0412,4,0,0.0789,0.4125,18.0,2025-02-04 14:35:00,1
B2C,508,75.59,9.83,14,48,0.2369,home_goods,email,reactivation,18.71,0.1429,0,5,0.285,26,2,0.0,0.4398,43.0,2025-08-31 10:55:00,0
B2C,280,61.62,9.22,6,104,0.0785,retail,email,promo,37.27,0.046,0,3,0.0771,12,3,0.0,0.7366,42.0,2025-01-19 08:30:00,0
B2C,293,109.91,8.38,6,41,0.1684,home_goods,call,promo,34.34,0.0429,1,2,0.0,12,2,0.0876,0.5768,30.0,2025-12-21 12:50:00,0
B2B,676,238.01,12.46,23,11,0.223,b2b_services,email,promo,5.16,0.0678,1,4,0.0642,9,5,0.0,0.6641,,2025-10-02 11:25:00,1
B2C,512,34.76,12.25,12,0,0.4611,fashion,messenger,cross_sell,43.63,0.2128,0,5,0.1226,4,2,0.0972,0.1226,37.0,2025-01-09 13:20:00,0
B2C,397,45.66,7.17,8,22,0.245,beauty,call,loyalty,17.53,0.1137,0,3,0.0353,17,3,0.0241,0.6774,59.0,2025-08-27 10:30:00,0
B2C,290,22.8,10.31,9,43,0.2193,fashion,sms,promo,12.49,0.0892,0,2,0.0907,22,1,0.0047,0.5825,30.0,2025-08-18 15:30:00,1
B2C,313,42.76,4.44,3,86,0.1062,fashion,messenger,promo,27.72,0.0841,0,2,0.0661,4,2,0.1255,0.6142,18.0,2025-12-05 13:05:00,0
B2B,803,120.0,17.47,28,0,0.4122,office_supplies,messenger,loyalty,41.0,0.3804,1,12,0.3771,8,1,0.2088,0.2758,,2025-02-12 13:10:00,0
B2C,628,51.43,5.48,10,49,0.1325,beauty,sms,promo,0.0,0.0,0,2,0.0,31,1,0.0346,0.0555,62.0,2025-03-14 11:55:00,0
B2B,214,121.56,11.87,7,60,0.2423,electronics,sms,cross_sell,0.0,0.1453,0,2,0.2167,68,0,0.1199,0.3741,,2025-12-06 11:25:00,0
B2B,713,321.15,0.5,1,188,0.0,electronics,email,promo,4.39,0.0,0,3,0.0,13,3,0.0,0.4537,,2025-06-22 08:45:00,0
B2B,158,134.07,10.0,5,33,0.2113,office_supplies,messenger,cross_sell,33.64,0.2627,0,0,0.1015,4,1,0.27,0.6102,,2025-01-16 14:30:00,1
B2C,474,68.69,10.82,18,95,0.102,beauty,messenger,cross_sell,9.12,0.1088,0,6,0.16,9,0,0.1074,0.2819,47.0,2025-08-16 16:15:00,0
B2C,467,42.34,4.47,5,0,0.2611,fashion,messenger,reactivation,18.14,0.0,0,0,0.0037,24,3,0.0,0.4658,18.0,2025-02-03 12:00:00,1
B2C,1458,32.82,9.66,32,38,0.2592,home_goods,email,cross_sell,41.23,0.1324,0,7,0.1237,3,4,0.0999,0.5981,19.0,2025-05-01 10:30:00,0
B2C,298,40.33,1.97,2,191,0.0,pharma,email,cross_sell,14.0,0.037,0,3,0.0,18,0,0.0552,0.4542,23.0,2025-10-29 15:15:00,0
B2C,140,142.13,8.52,4,22,0.1077,electronics,email,loyalty,0.0,0.1165,0,3,0.097,34,2,0.1747,0.3856,29.0,2025-08-19 10:30:00,0
B2B,521,173.83,13.95,17,0,0.2195,b2b_services,call,promo,26.2,0.107,0,6,0.183,10,0,0.1925,0.2871,,2025-10-04 16:10:00,0
B2C,130,29.52,12.61,5,12,0.1867,fmcg,call,loyalty,33.18,0.2259,0,3,0.3746,19,2,0.224,0.6913,36.0,2025-11-06 13:20:00,1
B2C,801,43.4,2.98,5,88,0.0718,fashion,email,reminder,19.78,0.0,1,2,0.0842,11,2,0.0807,0.8477,43.0,2025-03-16 09:20:00,0
B2C,282,60.65,7.45,6,0,0.079,retail,email,loyalty,0.0,0.0579,0,0,0.0831,11,2,0.1328,0.2543,40.0,2025-11-12 12:35:00,0
B2C,1178,57.92,5.88,18,26,0.2878,fmcg,sms,reminder,15.06,0.2301,0,8,0.2285,33,5,0.2464,0.3606,54.0,2025-05-03 13:35:00,0
B2C,175,21.24,8.22,3,27,0.3176,fashion,sms,promo,18.61,0.0,0,2,0.0608,17,2,0.0,0.228,53.0,2025-07-04 10:45:00,1
B2B,433,173.68,9.32,8,52,0.0734,office_supplies,email,promo,21.22,0.1238,0,2,0.1693,15,4,0.0402,0.5992,,2025-10-05 10:40:00,0
B2C,772,51.99,9.24,21,20,0.0302,fmcg,email,reminder,6.77,0.1149,1,5,0.1003,21,1,0.0428,0.3747,18.0,2025-05-16 11:30:00,0
B2C,295,53.06,6.56,8,64,0.2572,pharma,email,reminder,21.56,0.0301,0,2,0.0,16,1,0.153,0.6377,38.0,2025-07-17 11:45:00,0
B2C,524,53.09,12.45,22,1,0.5036,fmcg,sms,reactivation,55.37,0.283,0,2,0.2046,10,3,0.2804,0.649,36.0,2025-02-14 13:50:00,0
B2C,327,78.39,5.93,5,72,0.1227,beauty,call,reactivation,14.07,0.0996,1,3,0.0,22,2,0.0758,0.3697,53.0,2025-03-28 09:20:00,0
B2B,459,775.33,16.02,24,88,0.1395,retail,email,cross_sell,7.64,0.1493,0,3,0.1805,11,1,0.3081,0.6699,,2025-05-04 13:55:00,1
B2B,741,260.75,10.98,28,45,0.1532,pharma,messenger,reminder,10.19,0.1379,1,7,0.1248,34,1,0.2339,0.6242,,2025-09-25 19:10:00,0
B2C,84,40.65,6.91,1,57,0.2231,beauty,sms,loyalty,33.24,0.0495,0,1,0.0,15,1,0.0,0.5237,31.0,2025-08-19 15:45:00,0
B2B,319,120.0,9.66,5,77,0.1574,b2b_services,sms,cross_sell,26.73,0.1545,0,5,0.0202,10,1,0.0709,0.3179,,2025-12-16 11:30:00,0
B2C,728,24.59,7.31,13,3,0.2582,beauty,email,cross_sell,36.64,0.0647,0,3,0.0774,6,3,0.061,0.5231,25.0,2025-07-02 10:15:00,0
B2C,232,49.95,4.99,2,37,0.2246,fmcg,messenger,promo,27.47,0.0005,0,3,0.0,1,5,0.057,0.3028,18.0,2025-09-28 15:55:00,0
B2C,850,28.96,4.9,11,71,0.0698,retail,messenger,loyalty,0.0,0.0,1,8,0.0556,25,3,0.0839,0.2466,57.0,2025-03-09 13:15:00,0
B2C,195,26.06,2.5,1,49,0.1414,home_goods,sms,reminder,22.58,0.113,0,1,0.0974,2,3,0.038,0.0761,47.0,2025-08-20 10:55:00,0
B2C,198,95.81,5.47,3,66,0.0722,pharma,email,reminder,0.0,0.0,1,2,0.0322,28,3,0.0,0.5531,45.0,2025-04-16 08:05:00,0
B2C,491,42.68,3.62,6,65,0.1964,fashion,sms,cross_sell,9.66,0.0,0,6,0.0932,8,3,0.0,0.646,41.0,2025-04-06 17:15:00,0
B2B,794,183.68,11.5,30,46,0.2401,b2b_services,sms,promo,10.29,0.1571,0,5,0.215,13,2,0.2126,0.5532,,2025-09-26 18:55:00,0
B2B,1519,150.83,8.91,35,28,0.3801,b2b_services,email,promo,17.71,0.1195,0,10,0.1612,8,2,0.0747,0.3197,,2025-10-28 13:15:00,0
B2C,186,40.82,9.67,3,48,0.246,fmcg,messenger,reminder,28.23,0.0854,1,5,0.2361,9,0,0.0,0.7594,42.0,2025-08-08 16:20:00,0
B2B,1132,210.25,19.72,57,0,0.3343,home_goods,call,seasonal,27.14,0.2788,1,7,0.3158,6,4,0.2304,0.3561,,2025-06-03 15:45:00,1
B2C,392,52.33,3.52,4,84,0.0725,home_goods,call,reminder,0.0,0.0321,0,3,0.0,44,1,0.0925,0.5641,42.0,2025-05-11 17:05:00,0
B2C,163,19.46,4.42,1,71,0.1922,retail,sms,promo,5.6,0.0127,1,2,0.0,12,1,0.0647,0.7148,35.0,2025-02-07 18:55:00,0
B2C,564,30.23,5.94,13,103,0.0,electronics,messenger,onboarding,9.41,0.0,0,3,0.0225,20,4,0.0,0.0732,56.0,2025-05-29 18:45:00,0
B2B,174,178.29,10.3,3,18,0.2207,pharma,email,cross_sell,18.09,0.0896,1,4,0.1209,10,2,0.0663,0.291,,2025-09-29 09:00:00,0
B2C,646,53.87,5.42,8,37,0.2274,home_goods,email,reactivation,20.79,0.1387,1,4,0.1099,16,2,0.0464,0.6281,45.0,2025-07-12 10:00:00,0
B2C,365,28.51,3.03,4,69,0.0587,pharma,sms,cross_sell,17.31,0.0094,0,1,0.094,10,0,0.0,0.3342,23.0,2025-03-08 11:25:00,0
B2C,813,50.14,7.63,20,34,0.3065,pharma,sms,promo,45.14,0.2902,0,3,0.1736,12,3,0.2292,0.5363,47.0,2025-01-15 13:55:00,0
B2C,215,30.65,9.37,6,56,0.0864,electronics,messenger,cross_sell,11.38,0.0607,1,0,0.02,11,1,0.0578,0.6663,28.0,2025-12-12 14:10:00,0
B2B,243,120.0,11.06,8,75,0.1562,electronics,email,cross_sell,6.43,0.2009,0,2,0.181,12,4,0.2735,0.2393,,2025-04-12 10:15:00,0
B2C,159,37.73,7.41,2,37,0.1438,beauty,email,onboarding,21.58,0.0404,0,2,0.0333,6,2,0.0,0.1092,51.0,2025-10-17 11:10:00,0
B2C,322,29.44,12.35,14,38,0.2739,fmcg,sms,reminder,49.51,0.2329,1,1,0.1255,2,3,0.2174,0.6404,18.0,2025-06-17 10:35:00,1
B2B,264,120.0,19.92,11,77,0.1871,b2b_services,email,promo,16.82,0.1745,0,3,0.1505,17,2,0.1383,0.2883,,2025-07-31 15:10:00,0
B2C,1046,53.04,7.38,23,15,0.3043,fmcg,messenger,loyalty,38.89,0.1995,1,6,0.1679,20,6,0.1124,0.2728,40.0,2025-12-23 13:30:00,0
B2C,616,70.46,2.85,5,72,0.1751,electronics,email,promo,32.25,0.2019,0,4,0.1629,2,6,0.2917,0.544,32.0,2025-04-05 10:40:00,1
B2C,649,66.72,2.22,4,85,0.3109,pharma,messenger,promo,23.11,0.0,1,4,0.0,3,2,0.0195,0.1348,43.0,2025-12-17 13:25:00,0
B2C,194,57.13,13.0,6,10,0.413,fashion,email,reminder,38.44,0.3968,0,6,0.3799,13,2,0.2737,0.3338,19.0,2025-05-26 11:05:00,1
B2C,766,94.08,3.39,6,47,0.1766,fashion,email,seasonal,31.58,0.048,1,3,0.1189,4,5,0.1653,0.2732,29.0,2025-08-10 10:00:00,0
B2C,289,79.34,6.79,4,12,0.148,electronics,email,seasonal,15.38,0.1461,1,0,0.1223,16,5,0.1038,0.3457,31.0,2025-12-16 09:15:00,0
B2B,735,120.0,5.67,11,56,0.0154,pharma,email,seasonal,0.49,0.035,1,8,0.0156,9,4,0.0932,0.602,,2025-12-01 15:10:00,0
B2B,665,430.21,8.09,16,48,0.2519,electronics,email,cross_sell,2.48,0.1257,1,2,0.1406,25,1,0.2412,0.3119,,2025-09-02 08:45:00,0
B2C,862,33.3,13.46,23,7,0.2976,pharma,messenger,cross_sell,41.06,0.2208,0,4,0.124,13,2,0.1614,0.5949,25.0,2025-11-25 14:20:00,1
B2C,288,44.21,11.69,12,46,0.2348,fmcg,email,cross_sell,27.8,0.0857,0,2,0.0,20,1,0.0992,0.6013,26.0,2025-07-06 11:45:00,0
B2B,1992,348.09,11.3,68,24,0.3438,b2b_services,email,cross_sell,24.76,0.1806,0,10,0.0521,10,7,0.232,0.1779,,2025-12-27 09:00:00,0
B2B,1086,120.0,12.47,17,0,0.3613,retail,messenger,cross_sell,36.64,0.0931,1,6,0.0958,6,2,0.1336,0.4515,,2025-05-20 14:15:00,0
B2B,1041,177.32,19.92,54,27,0.161,pharma,call,seasonal,10.93,0.3497,0,5,0.3952,21,2,0.3091,0.84,,2025-05-03 11:25:00,1
B2C,451,54.27,14.76,22,5,0.1653,beauty,sms,promo,32.5,0.1821,0,1,0.2848,6,2,0.1758,0.8192,38.0,2025-05-06 12:25:00,1
B2B,3059,120.0,14.02,61,59,0.2412,office_supplies,email,promo,24.61,0.1109,1,18,0.1074,18,8,0.0,0.9114,,2025-03-16 16:50:00,0
B2B,600,174.5,8.5,14,0,0.3486,office_supplies,email,loyalty,23.29,0.2216,1,9,0.152,13,4,0.1781,0.559,,2025-05-02 13:40:00,1
B2C,327,70.15,6.04,6,47,0.0,pet_care,email,loyalty,0.84,0.0899,0,3,0.2718,32,2,0.1236,0.5616,18.0,2025-07-10 14:10:00,0
B2B,152,176.22,10.17,3,52,0.2342,pharma,messenger,loyalty,15.12,0.0892,1,3,0.1199,4,2,0.1354,0.7927,,2025-08-16 18:00:00,0
B2C,243,37.53,8.23,4,70,0.2283,pharma,email,cross_sell,29.86,0.1265,0,2,0.0722,23,3,0.1497,0.6519,43.0,2025-06-28 08:00:00,1
B2B,728,286.71,16.14,34,36,0.2172,home_goods,messenger,cross_sell,8.84,0.0286,0,6,0.0,19,3,0.0296,0.4443,,2025-09-12 14:40:00,0
B2C,247,86.31,4.51,4,35,0.1748,pharma,sms,reminder,3.31,0.1147,1,1,0.1144,29,3,0.1163,0.1744,20.0,2025-12-29 12:00:00,0
B2B,1019,126.73,13.36,26,12,0.3438,b2b_services,messenger,loyalty,30.51,0.1497,0,7,0.173,9,3,0.2052,0.5079,,2025-05-03 18:25:00,0
B2C,246,21.85,12.64,12,4,0.4362,fashion,email,cross_sell,44.86,0.1662,0,2,0.2068,6,3,0.123,0.0503,32.0,2025-09-29 08:30:00,0
B2C,442,66.92,6.59,7,29,0.3128,beauty,sms,reminder,38.26,0.1306,0,1,0.0444,3,2,0.1571,0.5131,18.0,2025-11-08 18:30:00,0
B2C,299,27.33,11.84,9,16,0.2457,fashion,email,cross_sell,37.16,0.2136,0,6,0.1866,10,1,0.2251,0.4705,31.0,2025-07-08 14:20:00,1
B2C,791,37.71,8.05,14,85,0.1403,fmcg,sms,cross_sell,24.09,0.125,0,4,0.1204,15,3,0.1629,0.1807,31.0,2025-06-09 10:05:00,0
B2B,1620,120.0,19.26,80,38,0.3311,b2b_services,email,promo,21.91,0.3377,0,3,0.3303,19,3,0.3458,0.4473,,2025-11-11 11:55:00,0
B2C,290,49.15,7.89,4,33,0.1361,beauty,messenger,cross_sell,14.74,0.139,0,3,0.2664,16,1,0.1081,0.4722,33.0,2025-10-28 15:10:00,1
B2C,217,16.48,5.31,2,55,0.295,pharma,sms,onboarding,4.07,0.0153,0,0,0.129,25,0,0.0085,0.3843,54.0,2025-12-18 12:20:00,0
B2B,537,132.99,8.34,18,87,0.1493,pharma,sms,promo,8.21,0.2736,0,5,0.2544,21,2,0.2157,0.2659,,2025-02-15 11:15:00,0
B2B,1258,323.89,9.44,28,0,0.1972,electronics,email,promo,16.21,0.1696,1,6,0.2264,11,4,0.1705,0.4242,,2025-02-18 14:25:00,0
B2C,635,23.29,12.69,25,8,0.4036,pet_care,email,promo,33.06,0.1709,1,3,0.2798,25,2,0.37,0.4843,38.0,2025-05-16 11:50:00,1
B2B,1119,253.74,12.74,40,6,0.1687,retail,email,seasonal,0.0,0.2001,1,4,0.0,54,1,0.3601,0.5549,,2025-07-17 08:35:00,0
B2B,1621,120.0,9.64,53,56,0.2058,b2b_services,call,seasonal,17.28,0.1792,0,7,0.0768,9,1,0.097,0.4738,,2025-04-19 09:25:00,0
B2C,461,51.81,4.27,6,91,0.087,fmcg,sms,promo,45.22,0.108,0,3,0.0916,4,2,0.0707,0.643,43.0,2025-12-16 12:35:00,0
B2B,1820,194.44,15.32,74,0,0.5152,b2b_services,email,reminder,48.55,0.3069,1,9,0.4269,3,7,0.3669,0.914,,2025-07-04 10:55:00,1
B2B,907,172.1,21.24,53,28,0.4619,office_supplies,call,seasonal,33.29,0.2193,0,3,0.1899,7,3,0.3153,0.1275,,2025-05-28 13:50:00,1
B2C,288,58.18,9.18,9,100,0.2453,fashion,messenger,cross_sell,39.26,0.0,1,1,0.0,1,2,0.0591,0.4419,27.0,2025-09-02 11:40:00,0
B2C,381,87.86,8.23,8,61,0.3006,retail,messenger,reminder,27.69,0.0894,1,2,0.1734,8,0,0.0846,0.5835,46.0,2025-02-13 15:40:00,0
B2B,1779,197.17,3.48,9,11,0.0664,office_supplies,email,reminder,20.44,0.165,1,3,0.2052,12,5,0.0529,0.6569,,2025-03-17 08:45:00,0
B2B,615,330.29,12.84,19,50,0.1765,retail,email,promo,38.08,0.1999,1,4,0.157,10,1,0.1787,0.4094,,2025-11-28 08:25:00,0
B2C,362,47.91,6.96,6,12,0.1924,beauty,sms,reminder,30.92,0.1949,0,5,0.0173,13,3,0.2493,0.4041,32.0,2025-06-18 12:40:00,1
B2C,239,33.04,4.75,3,84,0.0569,pet_care,sms,cross_sell,0.0,0.0084,0,3,0.1384,30,1,0.0,0.3265,51.0,2025-12-27 17:30:00,0
B2C,527,31.76,2.85,4,85,0.0528,home_goods,sms,reactivation,15.34,0.0,1,1,0.0812,10,2,0.0,0.1725,48.0,2025-11-21 12:35:00,0
B2C,595,63.45,8.97,16,48,0.3409,fmcg,messenger,cross_sell,37.13,0.2094,0,4,0.139,5,2,0.2125,0.149,51.0,2025-10-29 16:00:00,0
B2C,538,32.92,11.19,11,12,0.1899,home_goods,email,cross_sell,16.51,0.1922,0,3,0.0213,23,5,0.125,0.5472,28.0,2025-10-28 10:55:00,1
B2C,277,40.47,10.59,7,27,0.304,home_goods,email,promo,55.74,0.2482,0,2,0.2039,4,1,0.2828,0.1768,38.0,2025-09-13 08:20:00,0
B2C,660,54.27,7.81,19,58,0.1744,electronics,sms,seasonal,16.5,0.1096,1,5,0.11,20,4,0.1692,0.2333,64.0,2025-12-25 16:50:00,1
B2B,577,626.23,12.45,15,90,0.1741,retail,call,loyalty,15.93,0.1681,1,4,0.0857,23,3,0.1536,0.2953,,2025-09-16 13:30:00,1
B2C,655,12.0,6.41,6,40,0.0575,retail,sms,promo,0.0,0.1465,0,8,0.2117,33,2,0.1322,0.5541,34.0,2025-06-18 11:15:00,0
B2C,900,41.09,5.23,10,29,0.1577,home_goods,email,cross_sell,34.98,0.1537,0,2,0.1952,20,1,0.4381,0.3577,56.0,2025-03-25 17:55:00,0
B2C,166,55.33,9.48,6,50,0.1446,retail,email,cross_sell,29.86,0.1992,1,2,0.1989,27,2,0.1115,0.7019,41.0,2025-06-05 09:00:00,0
B2C,392,62.46,4.96,6,90,0.1533,retail,sms,reminder,8.36,0.0,1,3,0.0,11,1,0.0,0.559,49.0,2025-08-25 16:00:00,0
B2C,1012,30.76,5.53,15,109,0.136,fmcg,sms,reactivation,12.51,0.1016,0,2,0.0623,21,2,0.1276,0.0821,29.0,2025-11-06 09:00:00,0
B2C,458,36.72,4.21,7,0,0.2369,fmcg,messenger,promo,23.18,0.0707,0,5,0.0,10,1,0.1074,0.7025,48.0,2025-12-06 11:10:00,0
B2B,515,120.0,1.41,2,136,0.0465,b2b_services,email,promo,0.0,0.0,0,5,0.0199,21,4,0.0675,0.5635,,2025-01-25 09:45:00,0
B2B,663,233.2,10.63,16,72,0.1427,pharma,messenger,seasonal,22.92,0.1924,1,2,0.2405,7,4,0.1412,0.6787,,2025-07-16 12:25:00,1
B2C,232,43.75,7.21,5,57,0.1121,beauty,sms,cross_sell,14.26,0.1181,1,4,0.1482,15,3,0.0,0.6808,45.0,2025-11-01 12:35:00,0
B2C,573,53.14,2.45,5,113,0.0959,pharma,messenger,promo,26.02,0.0,0,4,0.0,1,5,0.0397,0.3412,36.0,2025-07-27 17:55:00,0
B2C,327,37.37,6.15,6,112,0.151,retail,sms,reminder,0.0,0.1389,1,1,0.3001,48,2,0.1657,0.1454,36.0,2025-09-03 16:40:00,0
B2C,106,42.21,10.01,4,106,0.0,fmcg,email,loyalty,0.0,0.0466,1,0,0.0943,11,2,0.0752,0.4827,43.0,2025-03-16 10:50:00,0
B2B,945,232.87,1.8,7,87,0.0357,retail,email,reminder,0.0,0.0689,1,2,0.0088,30,2,0.0182,0.3678,,2025-09-17 09:45:00,0
B2B,218,120.86,9.19,5,45,0.1721,b2b_services,email,promo,0.0,0.1663,0,4,0.1976,13,0,0.2196,0.4098,,2025-11-21 13:55:00,0
B2C,320,33.76,11.83,11,4,0.3799,pharma,messenger,loyalty,39.7,0.251,0,6,0.2694,10,4,0.1079,0.5606,27.0,2025-10-03 13:45:00,1
B2C,272,25.02,4.44,3,50,0.1561,retail,email,reminder,31.04,0.2235,1,1,0.1455,9,1,0.2016,0.2685,40.0,2025-12-13 09:20:00,0
B2C,292,41.35,10.07,10,49,0.2345,pharma,messenger,cross_sell,31.15,0.0068,0,2,0.0,11,4,0.0,0.2234,40.0,2025-05-31 17:20:00,1
B2C,784,21.98,7.13,13,36,0.2762,electronics,sms,reminder,11.37,0.1162,1,3,0.2244,20,2,0.3317,0.4695,31.0,2025-06-15 10:10:00,0
B2C,196,83.47,6.7,3,44,0.2202,pet_care,messenger,seasonal,31.49,0.0,1,0,0.0,13,2,0.1054,0.2688,25.0,2025-02-22 10:00:00,0
B2B,907,215.86,14.3,39,9,0.3599,office_supplies,messenger,promo,12.34,0.2769,0,7,0.3309,41,6,0.285,0.2644,,2025-12-18 16:00:00,0
B2C,1629,29.93,6.0,29,48,0.2426,beauty,sms,promo,14.92,0.1504,1,11,0.0012,30,7,0.098,0.4,28.0,2025-04-05 15:30:00,0
B2B,592,181.31,20.88,40,0,0.4424,home_goods,email,loyalty,0.0,0.2597,1,3,0.253,19,2,0.3514,0.7919,,2025-04-12 13:35:00,0
B2C,610,50.87,2.93,5,78,0.0,beauty,email,reminder,9.74,0.0382,0,1,0.1359,23,6,0.1368,0.7261,28.0,2025-02-03 14:15:00,0
B2C,618,15.62,7.26,15,18,0.2419,home_goods,sms,promo,21.02,0.1498,0,3,0.1545,8,3,0.2581,0.3606,29.0,2025-09-10 14:25:00,0
B2C,540,17.27,5.27,7,63,0.0653,retail,sms,cross_sell,11.82,0.0983,0,4,0.127,14,0,0.133,0.2072,40.0,2025-12-15 10:35:00,0
B2C,208,30.58,7.93,2,59,0.2442,electronics,sms,reminder,32.03,0.1043,1,4,0.1292,2,2,0.099,0.3601,50.0,2025-09-30 15:40:00,0
B2B,1087,179.16,16.9,59,0,0.3419,retail,email,promo,16.76,0.311,1,4,0.3332,19,5,0.2436,0.3329,,2025-04-17 17:35:00,1
B2C,425,61.86,5.88,7,75,0.3115,home_goods,sms,promo,26.88,0.0902,0,1,0.1164,7,7,0.1421,0.6246,41.0,2025-02-21 11:50:00,0
B2C,191,64.54,12.53,5,39,0.423,pet_care,email,seasonal,13.93,0.1861,1,0,0.1835,24,0,0.2664,0.4806,45.0,2025-10-03 09:20:00,0
B2C,891,57.29,7.25,24,59,0.2313,retail,sms,reminder,21.17,0.1784,0,5,0.1719,20,3,0.2057,0.2236,18.0,2025-08-10 13:10:00,0
B2C,457,68.21,4.65,4,111,0.1169,beauty,email,promo,15.16,0.0,1,1,0.0887,10,2,0.0,0.2803,32.0,2025-03-02 10:35:00,0
B2C,269,77.1,6.67,5,0,0.2275,fashion,sms,reminder,48.71,0.1712,1,3,0.3116,11,3,0.2391,0.6531,33.0,2025-03-20 13:45:00,0
B2B,456,120.0,4.59,5,13,0.1496,retail,email,seasonal,8.06,0.1172,0,4,0.0949,6,4,0.0535,0.2845,,2025-06-17 10:35:00,0
B2C,481,56.65,9.96,15,43,0.2047,fmcg,messenger,cross_sell,25.19,0.0976,0,1,0.1434,13,8,0.1086,0.214,44.0,2025-07-21 12:05:00,0
B2C,743,22.58,5.48,15,73,0.1853,home_goods,email,cross_sell,37.86,0.0546,0,1,0.0113,3,1,0.0,0.6961,39.0,2025-08-10 11:05:00,0
B2C,308,96.05,1.48,4,120,0.1422,beauty,sms,promo,25.32,0.0,0,5,0.0,4,2,0.1117,0.7666,35.0,2025-12-11 15:00:00,0
B2B,732,163.91,16.68,48,0,0.3884,retail,email,cross_sell,23.61,0.1909,1,6,0.1364,9,0,0.319,0.6735,,2025-12-06 10:35:00,1
B2B,216,220.44,10.91,4,0,0.3036,electronics,call,promo,8.18,0.1769,0,4,0.3454,18,3,0.3817,0.7059,,2025-06-16 12:45:00,1
B2C,175,65.24,7.78,4,47,0.202,fmcg,messenger,promo,16.98,0.0436,0,0,0.0406,13,0,0.1345,0.1994,67.0,2025-05-20 19:50:00,0
B2C,254,40.41,9.23,6,71,0.0937,fashion,email,onboarding,9.77,0.2166,0,3,0.1656,30,1,0.4278,0.0982,42.0,2025-12-07 13:20:00,0
B2C,747,45.72,4.22,7,78,0.2281,fashion,email,seasonal,25.64,0.1222,0,5,0.0049,17,3,0.1999,0.2892,34.0,2025-01-27 14:25:00,0
B2C,350,144.16,5.68,8,75,0.0554,fmcg,messenger,loyalty,13.5,0.0657,1,4,0.1104,17,0,0.1817,0.1281,44.0,2025-03-07 18:10:00,0
B2C,298,73.86,10.14,9,42,0.306,fmcg,email,promo,51.01,0.2131,0,4,0.2651,8,2,0.1645,0.5553,30.0,2025-02-27 14:25:00,0
B2C,504,44.52,4.04,6,66,0.1139,beauty,email,seasonal,21.07,0.0739,0,3,0.0313,16,2,0.1075,0.2975,25.0,2025-03-09 09:10:00,0
B2C,674,66.92,11.49,28,40,0.3966,fashion,email,reactivation,44.76,0.3142,0,4,0.3183,13,3,0.2163,0.2295,39.0,2025-04-08 12:45:00,0
B2C,1132,32.48,3.56,10,47,0.2164,pharma,sms,promo,13.87,0.1819,0,4,0.2152,15,3,0.202,0.3815,30.0,2025-09-12 12:10:00,1
B2C,531,37.87,11.02,10,2,0.2579,beauty,messenger,promo,25.58,0.1324,0,4,0.1419,10,3,0.1181,0.2887,37.0,2025-07-28 12:50:00,1
B2C,234,30.17,2.07,1,53,0.0676,fashion,sms,reactivation,6.2,0.0,1,0,0.0,14,3,0.0571,0.3891,45.0,2025-09-14 15:45:00,0
B2C,908,30.91,4.23,14,36,0.0792,fashion,sms,promo,0.0,0.0412,0,5,0.2251,38,2,0.0621,0.5186,61.0,2025-04-14 17:50:00,0
B2B,202,256.75,12.91,8,24,0.3385,electronics,email,cross_sell,30.29,0.1012,0,0,0.0212,14,3,0.1121,0.7315,,2025-02-13 16:55:00,1
B2C,960,70.07,7.43,16,62,0.3367,fmcg,messenger,cross_sell,26.21,0.1405,0,1,0.0,21,3,0.1162,0.4577,26.0,2025-07-05 16:15:00,1
B2C,280,44.62,11.01,8,30,0.2239,home_goods,email,cross_sell,28.55,0.1244,1,0,0.0,10,4,0.1448,0.5682,45.0,2025-11-07 11:30:00,0
B2C,311,39.45,6.34,6,55,0.0745,fmcg,email,loyalty,0.0,0.0,0,2,0.1097,19,3,0.1329,0.0348,52.0,2025-01-01 11:20:00,0
B2C,358,33.66,5.93,6,76,0.1035,electronics,email,promo,13.49,0.0667,0,3,0.0,18,3,0.0,0.2367,32.0,2025-12-16 14:10:00,0
B2C,262,39.76,10.81,7,60,0.1725,retail,sms,reminder,0.0,0.1793,0,5,0.1262,43,2,0.1495,0.8617,38.0,2025-09-26 14:35:00,0
B2C,237,90.38,8.29,8,28,0.3135,pet_care,sms,cross_sell,41.9,0.1695,1,2,0.1652,6,4,0.1211,0.103,31.0,2025-06-27 10:40:00,1
B2C,366,33.59,8.01,7,100,0.1,beauty,messenger,promo,17.68,0.0,0,1,0.0,11,1,0.0217,0.3901,36.0,2025-06-25 12:00:00,1
B2B,1023,120.0,6.31,16,30,0.1875,electronics,messenger,cross_sell,16.38,0.1383,0,9,0.093,19,0,0.1174,0.1457,,2025-05-07 11:40:00,0
B2C,304,41.3,7.1,6,22,0.264,retail,email,seasonal,21.67,0.054,1,8,0.0,18,2,0.0,0.3399,37.0,2025-12-04 15:20:00,0
B2C,18,36.52,5.66,2,18,0.3088,fashion,messenger,reminder,34.79,0.1475,1,1,0.0557,10,0,0.1168,0.5282,48.0,2025-03-31 16:05:00,0
B2B,744,233.51,23.47,46,64,0.2676,retail,messenger,reminder,21.3,0.2304,0,2,0.1641,16,4,0.2049,0.305,,2025-12-15 18:45:00,1
B2C,346,19.18,10.08,5,85,0.2005,beauty,email,cross_sell,19.28,0.1072,0,1,0.0745,7,3,0.0325,0.3077,59.0,2025-06-14 10:25:00,0
B2B,621,243.12,14.64,25,0,0.2797,retail,email,reminder,4.02,0.2099,0,6,0.2122,11,1,0.1407,0.2079,,2025-12-03 09:00:00,0
B2C,68,87.6,5.08,1,51,0.1306,fashion,messenger,reactivation,4.82,0.0651,0,1,0.0972,23,1,0.056,0.1735,54.0,2025-03-04 15:40:00,0
B2C,451,49.94,3.33,3,110,0.0,pharma,sms,reminder,6.49,0.033,1,5,0.0,19,2,0.0594,0.1456,37.0,2025-04-02 17:45:00,0
B2B,531,143.19,19.07,20,26,0.2993,retail,email,reminder,13.49,0.341,0,4,0.3735,19,3,0.4127,0.9348,,2025-08-11 10:45:00,1
B2B,452,237.95,18.45,19,9,0.4394,home_goods,call,promo,25.48,0.2882,0,3,0.3155,15,4,0.2805,0.5001,,2025-04-18 16:05:00,1
B2C,366,63.28,7.91,10,12,0.2581,beauty,email,loyalty,16.8,0.1676,0,1,0.1172,28,3,0.1417,0.6523,58.0,2025-03-02 12:55:00,1
B2B,954,149.29,14.84,51,24,0.2086,retail,email,cross_sell,21.32,0.1905,0,5,0.2247,23,5,0.1429,0.3456,,2025-01-24 10:55:00,1
B2C,340,44.09,4.98,5,51,0.2092,retail,sms,reminder,15.12,0.0214,1,3,0.0954,6,3,0.1394,0.5784,46.0,2025-04-02 15:45:00,0
B2B,1607,200.79,0.88,4,222,0.0,b2b_services,email,promo,0.0,0.0,0,8,0.0,39,4,0.0298,0.6802,,2025-01-28 13:20:00,0
B2C,162,44.86,10.92,4,16,0.1774,fmcg,email,promo,8.35,0.2874,0,2,0.2869,33,3,0.316,0.6823,41.0,2025-11-13 10:20:00,0
B2C,287,66.56,7.05,7,36,0.13,pet_care,email,reminder,0.0,0.1137,1,1,0.0473,33,4,0.1687,0.0908,36.0,2025-06-24 08:50:00,0
B2C,340,49.98,6.59,4,30,0.1644,electronics,sms,reminder,8.28,0.0,1,1,0.0409,21,4,0.0,0.3162,41.0,2025-05-30 13:50:00,0
B2C,725,51.71,6.45,14,77,0.1078,electronics,sms,seasonal,9.95,0.1674,0,3,0.3059,9,4,0.3124,0.3834,28.0,2025-12-27 17:20:00,0
B2B,916,171.99,14.34,23,44,0.2506,b2b_services,call,reminder,0.0,0.1812,0,7,0.1934,17,1,0.1248,0.2545,,2025-11-05 09:55:00,1
B2C,475,65.49,6.1,10,68,0.1785,beauty,call,reactivation,0.0,0.0465,0,3,0.0326,14,4,0.1681,0.7175,56.0,2025-04-24 14:20:00,0
B2C,292,65.98,6.23,4,32,0.0793,electronics,sms,cross_sell,0.0,0.0953,0,8,0.0852,50,5,0.0473,0.6701,18.0,2025-02-26 13:20:00,1
B2C,579,40.15,9.57,15,71,0.1176,fmcg,email,loyalty,29.78,0.1691,0,6,0.1138,5,5,0.308,0.2834,21.0,2025-10-23 13:55:00,0
B2B,935,213.26,3.16,5,57,0.2499,pharma,email,cross_sell,39.29,0.2587,0,5,0.1693,12,7,0.0755,0.4484,,2025-02-14 10:20:00,0
B2C,260,41.69,10.81,11,49,0.3555,fashion,sms,cross_sell,18.79,0.1571,0,3,0.1017,34,1,0.0484,0.2895,33.0,2025-09-14 15:35:00,0
B2C,797,42.12,6.82,12,40,0.1239,retail,sms,promo,23.5,0.1592,0,5,0.2519,29,4,0.0973,0.2926,23.0,2025-05-07 13:15:00,0
B2C,225,116.96,7.91,5,31,0.2691,retail,sms,seasonal,34.85,0.0628,1,1,0.0338,2,2,0.1331,0.3936,32.0,2025-01-07 15:10:00,0
B2C,1073,42.0,1.51,6,124,0.1104,beauty,sms,cross_sell,22.4,0.0432,0,5,0.0324,7,5,0.0679,0.7469,61.0,2025-03-08 11:50:00,0
B2C,96,30.8,4.86,1,59,0.076,electronics,sms,promo,8.96,0.053,1,1,0.0393,4,2,0.0737,0.2029,18.0,2025-08-27 10:20:00,0
B2C,839,33.49,5.65,10,78,0.2143,retail,sms,promo,23.9,0.0843,1,9,0.1179,17,3,0.1054,0.5049,32.0,2025-03-22 17:10:00,1
B2C,280,34.28,12.18,8,23,0.3006,retail,messenger,loyalty,47.13,0.1974,1,5,0.1494,2,0,0.1126,0.289,38.0,2025-05-28 16:30:00,1
B2C,270,28.03,3.09,4,96,0.2356,pharma,messenger,loyalty,32.1,0.1945,1,2,0.2198,6,0,0.279,0.6346,44.0,2025-07-19 18:40:00,0
B2C,631,13.72,7.34,13,94,0.0522,home_goods,messenger,loyalty,27.98,0.0857,0,5,0.0489,6,3,0.0,0.7428,36.0,2025-02-06 16:15:00,0
B2C,307,27.9,12.15,9,98,0.1665,beauty,sms,cross_sell,34.87,0.0216,0,4,0.0614,2,1,0.0,0.4108,38.0,2025-07-20 14:35:00,1
B2B,503,237.05,16.39,27,20,0.2484,electronics,messenger,loyalty,17.23,0.4421,0,2,0.5197,27,2,0.2896,0.21,,2025-12-25 14:05:00,1
B2C,636,133.68,3.6,8,107,0.2812,home_goods,sms,promo,47.85,0.0381,0,3,0.1251,0,3,0.1023,0.6337,40.0,2025-09-01 16:20:00,0
B2C,451,101.44,10.84,15,90,0.1975,home_goods,email,cross_sell,20.25,0.0205,0,5,0.0011,4,7,0.0161,0.4402,47.0,2025-03-13 15:25:00,0
B2C,362,66.82,11.13,18,48,0.214,electronics,email,promo,31.6,0.0437,1,1,0.0805,3,4,0.0,0.2914,36.0,2025-03-30 11:10:00,0
B2B,552,328.65,9.8,9,46,0.2342,b2b_services,email,promo,29.88,0.1036,1,8,0.0875,5,0,0.2848,0.4298,,2025-11-09 09:30:00,1
B2C,767,78.11,5.11,10,34,0.0,home_goods,sms,cross_sell,25.9,0.1453,0,2,0.0521,10,4,0.2299,0.5294,36.0,2025-10-05 12:05:00,0
B2B,1211,287.3,9.76,37,9,0.2519,b2b_services,email,promo,0.0,0.1513,0,5,0.1767,40,4,0.1209,0.4014,,2025-11-19 16:10:00,0
B2C,447,43.62,11.01,20,44,0.2076,beauty,sms,seasonal,0.17,0.1612,0,5,0.1223,22,0,0.1771,0.5703,20.0,2025-10-15 09:40:00,0
B2B,484,499.72,14.78,20,1,0.2648,pharma,email,cross_sell,23.3,0.2499,1,5,0.3082,15,3,0.0826,0.1405,,2025-05-18 12:40:00,0
B2C,289,36.23,8.32,5,84,0.238,pet_care,sms,onboarding,4.42,0.0,1,2,0.001,28,0,0.0,0.5177,47.0,2025-10-28 18:10:00,0
B2C,219,54.42,10.14,7,66,0.1637,beauty,sms,promo,31.12,0.115,0,1,0.2225,7,3,0.2242,0.2833,28.0,2025-03-24 13:50:00,0
B2B,440,388.52,10.58,9,53,0.3006,home_goods,email,seasonal,33.51,0.1728,0,4,0.094,4,2,0.0508,0.5052,,2025-09-17 09:15:00,0
B2C,219,45.27,6.2,5,28,0.1786,fashion,sms,onboarding,17.55,0.2774,1,2,0.2852,27,1,0.401,0.3394,39.0,2025-07-16 10:25:00,0
B2C,314,41.45,4.9,4,75,0.1249,beauty,messenger,seasonal,11.23,0.024,1,2,0.0,2,2,0.0,0.3456,25.0,2025-04-16 15:40:00,1
B2B,96,388.83,13.28,4,27,0.133,home_goods,call,cross_sell,13.8,0.1693,0,1,0.2174,19,1,0.0571,0.4338,,2025-10-02 10:25:00,0
B2B,565,219.45,15.38,26,65,0.3528,office_supplies,email,reactivation,46.73,0.3799,1,10,0.4382,4,2,0.3602,0.1996,,2025-09-28 14:40:00,0
B2C,115,62.51,10.04,2,29,0.267,fmcg,messenger,promo,22.96,0.0,1,0,0.0293,1,1,0.0334,0.2715,61.0,2025-08-22 11:20:00,0
B2C,494,23.56,8.05,14,90,0.3093,fmcg,messenger,loyalty,23.67,0.0459,1,2,0.0352,5,3,0.1557,0.3512,52.0,2025-10-21 10:00:00,1
B2B,365,139.46,12.02,17,6,0.2399,retail,email,seasonal,17.01,0.4027,0,2,0.3902,22,2,0.3818,0.826,,2025-03-28 11:25:00,1
B2B,783,120.0,13.73,30,58,0.2092,b2b_services,messenger,reminder,17.0,0.1293,0,2,0.1343,7,6,0.1516,0.2575,,2025-12-09 19:35:00,0
B2B,1089,147.62,12.91,34,28,0.2853,pharma,sms,loyalty,22.85,0.3103,0,2,0.3802,22,2,0.3252,0.2717,,2025-08-13 12:50:00,1
B2B,409,296.11,13.52,15,66,0.2421,pharma,sms,seasonal,2.21,0.1973,1,1,0.142,22,3,0.1875,0.5395,,2025-08-24 16:55:00,0
B2B,727,186.31,9.17,13,67,0.0197,retail,email,cross_sell,16.89,0.1536,1,2,0.1633,5,1,0.1337,0.6597,,2025-02-22 08:40:00,0
B2C,664,62.03,12.37,17,79,0.2505,electronics,sms,loyalty,15.61,0.1966,0,3,0.29,22,0,0.1571,0.22,39.0,2025-03-07 10:45:00,0
B2B,622,120.0,8.43,16,99,0.2287,b2b_services,messenger,loyalty,0.0,0.0246,0,5,0.1603,19,2,0.1882,0.071,,2025-10-13 16:25:00,0
B2B,119,242.84,8.8,4,53,0.1384,retail,call,reminder,12.72,0.0599,1,5,0.0848,5,1,0.0,0.4933,,2025-02-21 16:40:00,1
B2C,126,56.43,9.06,2,78,0.3272,electronics,messenger,promo,48.53,0.0631,0,1,0.04,2,6,0.0,0.142,48.0,2025-05-20 14:25:00,1
B2C,450,81.33,7.18,6,98,0.1304,beauty,email,reminder,20.19,0.0,1,8,0.077,4,2,0.0,0.864,40.0,2025-04-21 09:00:00,0
B2C,67,58.93,13.9,3,0,0.1657,fmcg,sms,promo,5.27,0.2634,0,1,0.2806,14,1,0.2363,0.547,31.0,2025-06-23 12:45:00,0
B2C,60,43.6,13.75,3,44,0.3174,home_goods,email,onboarding,45.85,0.3536,0,3,0.4254,3,2,0.4207,0.6516,28.0,2025-12-23 12:10:00,1
B2C,295,37.15,4.69,2,12,0.3184,fashion,messenger,promo,36.21,0.0181,1,4,0.0,9,1,0.1565,0.0635,42.0,2025-08-16 15:00:00,0
B2C,1001,52.21,5.27,11,48,0.1795,pet_care,messenger,promo,32.98,0.0002,0,2,0.0,7,3,0.0,0.3943,57.0,2025-04-25 13:00:00,0
B2C,773,48.27,9.16,21,45,0.1834,retail,messenger,promo,35.06,0.0916,0,5,0.0,3,1,0.13,0.3224,30.0,2025-01-06 12:55:00,0
B2C,980,55.98,7.8,16,66,0.1753,retail,email,cross_sell,23.71,0.1595,1,1,0.2049,8,1,0.0197,0.5763,24.0,2025-02-28 10:05:00,1
B2C,533,16.47,6.2,7,103,0.1663,pharma,messenger,promo,13.6,0.1388,0,3,0.1105,7,5,0.0,0.3556,19.0,2025-02-25 17:10:00,0
B2C,400,61.05,4.09,3,32,0.2558,beauty,sms,onboarding,16.11,0.0,1,4,0.1103,7,3,0.0,0.298,42.0,2025-04-20 09:30:00,0
B2C,1374,87.96,3.84,17,91,0.2059,fashion,sms,reactivation,35.79,0.112,1,4,0.1577,11,1,0.1058,0.6,30.0,2025-03-01 11:05:00,1
B2C,550,39.41,10.54,18,35,0.3106,fashion,sms,promo,16.68,0.0541,0,4,0.1005,16,5,0.0664,0.1899,43.0,2025-05-18 10:25:00,0
B2C,471,69.75,7.17,8,78,0.209,pharma,messenger,reactivation,8.04,0.0924,0,0,0.2014,21,0,0.0913,0.3129,33.0,2025-02-15 16:55:00,0
B2C,168,104.46,8.3,2,34,0.3006,retail,email,onboarding,52.68,0.1267,0,3,0.2633,6,2,0.2308,0.5062,23.0,2025-05-05 11:05:00,1
B2C,164,43.2,10.29,5,49,0.2929,pet_care,sms,reactivation,28.86,0.1331,1,3,0.0413,2,3,0.0477,0.2487,40.0,2025-06-08 16:55:00,0
B2B,1057,215.7,11.44,33,0,0.3192,retail,call,cross_sell,29.68,0.1599,0,11,0.0358,1,2,0.0384,0.1928,,2025-07-11 09:25:00,1
B2C,1000,20.04,7.83,12,58,0.1203,beauty,sms,reminder,0.0,0.0687,0,2,0.0629,48,3,0.0623,0.3229,34.0,2025-03-16 17:05:00,0
B2C,388,58.39,6.68,9,108,0.0454,electronics,sms,reminder,24.06,0.0,1,5,0.0071,16,2,0.0,0.6774,25.0,2025-07-22 17:30:00,1
B2B,564,176.34,10.56,20,14,0.222,b2b_services,email,cross_sell,0.0,0.0722,0,8,0.1124,6,3,0.1858,0.5678,,2025-08-11 10:40:00,0
B2B,904,472.45,9.43,20,0,0.3862,office_supplies,email,reminder,40.56,0.2194,0,9,0.2418,9,3,0.2696,0.2251,,2025-01-29 16:05:00,0
B2C,696,30.07,10.82,26,6,0.1887,pharma,email,cross_sell,13.86,0.1572,0,2,0.187,9,2,0.2446,0.7015,31.0,2025-08-09 10:05:00,1
B2C,407,105.82,10.62,6,74,0.2044,retail,email,reminder,0.19,0.0,0,2,0.0358,33,6,0.0,0.3283,39.0,2025-08-03 12:15:00,0
B2C,701,62.05,4.97,11,65,0.0,pharma,email,promo,0.0,0.0,1,4,0.0,59,1,0.0836,0.6434,42.0,2025-10-21 17:00:00,0
B2B,432,120.0,15.74,17,48,0.2781,retail,email,promo,16.1,0.1089,0,5,0.0748,2,2,0.1595,0.2792,,2025-08-01 09:10:00,1
B2C,850,122.11,1.85,5,75,0.21,pet_care,call,reactivation,30.38,0.1161,1,6,0.2599,3,2,0.0,0.3891,31.0,2025-04-04 11:10:00,0
B2C,489,38.75,5.27,8,119,0.1324,retail,call,promo,15.11,0.0,0,4,0.1311,14,2,0.0,0.1567,29.0,2025-11-08 13:45:00,1
B2B,1569,190.56,8.92,41,53,0.2898,pharma,messenger,reminder,35.03,0.1945,0,10,0.1599,7,2,0.2503,0.3003,,2025-05-02 12:45:00,1
B2C,1310,26.96,8.76,28,81,0.1391,pet_care,sms,promo,11.24,0.0,1,7,0.0324,17,3,0.0,0.4969,21.0,2025-03-13 10:55:00,0
B2C,50,13.2,3.55,1,50,0.1797,fmcg,email,onboarding,30.52,0.2278,1,1,0.188,10,0,0.2076,0.1242,40.0,2025-08-23 14:25:00,0
B2B,1331,179.02,6.03,24,89,0.0779,electronics,email,cross_sell,0.0,0.0,0,4,0.026,17,5,0.0242,0.8217,,2025-08-10 08:30:00,1
B2C,1107,40.18,13.43,46,59,0.4311,retail,messenger,promo,33.08,0.3326,0,5,0.3139,14,5,0.1706,0.3189,32.0,2025-11-28 15:40:00,0
B2B,439,120.0,5.95,8,84,0.1211,home_goods,call,reactivation,17.04,0.0819,1,1,0.1202,26,2,0.0453,0.2812,,2025-09-10 11:10:00,0
B2B,622,191.22,12.63,24,75,0.2852,retail,email,loyalty,14.98,0.1998,0,5,0.1973,12,3,0.2029,0.1509,,2025-07-23 16:15:00,0
B2C,394,23.11,4.3,4,36,0.2749,beauty,sms,reminder,26.14,0.0154,0,5,0.0514,10,6,0.0,0.0811,31.0,2025-04-28 14:50:00,0
B2C,317,43.26,8.21,5,60,0.1393,fmcg,sms,seasonal,0.0,0.0057,1,2,0.1836,11,1,0.088,0.4155,36.0,2025-10-22 13:35:00,0
B2C,772,30.53,8.56,25,0,0.2024,beauty,email,loyalty,23.57,0.0697,0,4,0.1319,13,3,0.028,0.0828,43.0,2025-06-11 12:30:00,1
B2C,459,43.18,2.77,4,100,0.202,pet_care,call,onboarding,5.79,0.0,0,4,0.0011,8,6,0.0589,0.4407,71.0,2025-07-07 16:05:00,0
B2C,520,41.84,9.64,16,23,0.256,beauty,email,promo,14.88,0.0,0,6,0.0273,19,1,0.0,0.144,19.0,2025-04-11 09:55:00,0
B2B,1073,254.01,11.42,28,36,0.3578,office_supplies,messenger,onboarding,2.53,0.0317,1,7,0.0,13,2,0.0,0.0875,,2025-11-01 12:10:00,0
B2C,474,62.68,9.63,15,47,0.2555,retail,sms,onboarding,35.6,0.2556,1,4,0.3721,21,0,0.2382,0.5429,41.0,2025-12-19 16:40:00,1
B2C,241,20.19,6.84,5,49,0.19,beauty,sms,seasonal,26.37,0.0019,1,2,0.0,4,1,0.0727,0.4894,42.0,2025-02-11 15:35:00,0
B2C,646,33.38,9.82,15,19,0.2161,pharma,sms,reminder,11.11,0.1027,1,3,0.2238,24,3,0.1507,0.2647,32.0,2025-06-27 15:10:00,0
B2C,154,61.68,8.32,3,141,0.0911,home_goods,sms,promo,8.31,0.0,1,3,0.0964,4,3,0.0,0.1429,51.0,2025-02-26 14:55:00,0
B2C,422,79.15,7.07,7,63,0.1498,beauty,email,promo,14.29,0.0924,0,6,0.053,30,5,0.1167,0.3714,25.0,2025-03-01 14:10:00,1
B2C,296,28.66,7.14,6,63,0.296,pharma,messenger,promo,29.46,0.1799,0,4,0.0574,15,1,0.2354,0.5172,43.0,2025-01-04 10:35:00,0
B2C,512,16.41,8.27,13,58,0.1382,retail,sms,loyalty,0.0,0.1803,0,3,0.0902,24,4,0.1457,0.353,50.0,2025-11-04 11:00:00,0
B2C,335,54.6,7.45,9,50,0.158,home_goods,sms,seasonal,30.66,0.1509,1,4,0.1324,7,1,0.1628,0.3853,48.0,2025-07-26 11:30:00,0
B2C,822,28.77,11.59,27,71,0.4436,fashion,messenger,loyalty,33.38,0.0331,0,5,0.0972,9,6,0.0,0.4447,32.0,2025-09-06 13:00:00,0
B2C,822,76.92,6.7,17,81,0.3767,pet_care,messenger,promo,31.04,0.1459,0,4,0.2753,25,4,0.2012,0.1125,38.0,2025-01-24 11:05:00,0
B2C,230,91.03,6.03,4,31,0.1116,pet_care,messenger,cross_sell,19.48,0.1241,0,1,0.2039,19,1,0.2665,0.4384,30.0,2025-02-01 18:45:00,0
B2C,849,23.13,5.16,13,80,0.1245,retail,email,reactivation,7.94,0.0,1,4,0.103,7,4,0.0219,0.7245,55.0,2025-12-07 15:20:00,0
B2C,370,55.13,8.34,4,83,0.1793,fmcg,sms,reactivation,0.6,0.1195,1,2,0.1198,31,3,0.0902,0.8231,31.0,2025-01-16 18:15:00,0
B2C,385,53.46,9.83,9,39,0.2119,fashion,email,reactivation,25.33,0.1045,0,2,0.1641,13,0,0.0996,0.5355,37.0,2025-02-19 09:00:00,0
B2C,156,42.52,5.52,3,70,0.1558,pet_care,email,cross_sell,27.1,0.0523,1,4,0.0593,15,3,0.0574,0.1997,30.0,2025-10-10 17:45:00,0
B2C,354,36.34,5.68,5,80,0.0523,retail,email,loyalty,4.98,0.0379,1,0,0.0,9,2,0.0,0.629,31.0,2025-07-14 14:35:00,0
B2C,409,36.26,10.83,12,17,0.2759,pharma,email,promo,9.08,0.2638,0,3,0.2616,31,2,0.4061,0.8395,33.0,2025-07-18 17:00:00,0
B2C,524,24.21,7.5,11,78,0.2247,electronics,messenger,promo,3.04,0.056,1,3,0.0,25,1,0.0,0.0804,34.0,2025-02-06 13:15:00,0
B2C,479,54.08,5.44,7,58,0.1887,retail,sms,seasonal,0.0,0.0024,1,1,0.076,27,1,0.0,0.3541,56.0,2025-08-23 15:15:00,0
B2C,296,74.59,4.65,2,111,0.2264,fashion,email,onboarding,26.94,0.0974,1,2,0.0,11,3,0.1494,0.5022,31.0,2025-01-25 11:35:00,0
B2C,492,28.4,13.1,11,83,0.2297,retail,email,cross_sell,28.06,0.1222,0,5,0.1045,3,3,0.1381,0.6442,40.0,2025-11-16 15:10:00,0
B2C,519,45.83,7.26,7,73,0.2235,pet_care,messenger,onboarding,31.81,0.0788,0,6,0.0,17,2,0.0825,0.4466,50.0,2025-10-18 18:15:00,0
B2C,361,49.96,5.58,7,26,0.1667,pharma,email,cross_sell,18.76,0.0686,0,4,0.0,7,5,0.1755,0.4058,43.0,2025-03-24 12:25:00,0
B2C,367,72.21,7.46,9,39,0.1786,home_goods,messenger,promo,4.6,0.1556,0,6,0.1621,21,1,0.0598,0.5114,22.0,2025-01-14 16:10:00,0
B2C,173,15.37,2.62,2,76,0.1589,fmcg,sms,onboarding,17.99,0.0113,1,2,0.0509,3,0,0.0,0.6836,36.0,2025-09-24 12:35:00,1
B2C,401,40.03,3.0,2,126,0.0,retail,sms,reminder,0.0,0.0759,1,5,0.1187,34,6,0.0398,0.8305,51.0,2025-09-05 16:15:00,0
B2C,496,60.55,3.41,4,55,0.3671,fmcg,sms,reminder,30.71,0.1158,1,6,0.0351,7,4,0.1738,0.3814,27.0,2025-05-28 13:25:00,1
B2C,312,46.84,12.25,12,51,0.2684,beauty,messenger,onboarding,51.07,0.1886,1,7,0.0869,2,4,0.3329,0.2268,26.0,2025-08-09 16:30:00,0
B2C,319,64.93,9.18,9,109,0.1958,retail,messenger,cross_sell,36.74,0.1753,0,3,0.1922,9,2,0.2011,0.7197,40.0,2025-10-19 17:10:00,0
B2C,342,95.41,8.26,7,56,0.1952,retail,email,reminder,22.54,0.1625,0,8,0.1453,4,3,0.1392,0.0469,34.0,2025-10-10 11:00:00,0
B2B,480,206.31,10.73,15,79,0.1785,home_goods,email,onboarding,0.0,0.07,0,6,0.0487,24,2,0.0478,0.5168,,2025-12-08 10:20:00,0
B2C,402,40.99,3.22,4,33,0.2284,fashion,email,reactivation,37.04,0.1096,1,1,0.2162,1,2,0.1212,0.4521,18.0,2025-11-17 11:50:00,1
B2C,237,53.35,3.53,3,54,0.0974,beauty,email,promo,28.91,0.1872,1,6,0.1784,4,1,0.1053,0.2037,58.0,2025-03-28 08:05:00,0
B2C,456,43.08,7.78,12,42,0.1842,home_goods,email,promo,26.23,0.1412,0,0,0.0801,19,2,0.1557,0.5592,34.0,2025-03-10 09:40:00,0
B2C,48,37.24,6.62,2,48,0.1159,fmcg,messenger,onboarding,8.75,0.0915,0,1,0.0778,8,2,0.209,0.77,46.0,2025-01-20 17:10:00,0
B2C,439,45.89,5.79,6,86,0.043,electronics,sms,reminder,25.77,0.0774,1,4,0.1623,18,3,0.1217,0.6413,18.0,2025-11-10 14:15:00,0
B2B,872,120.0,13.9,21,0,0.2603,pharma,email,reactivation,24.49,0.3074,0,5,0.2598,25,2,0.2716,0.6957,,2025-06-28 09:00:00,0
B2B,1361,120.69,9.53,36,13,0.0959,b2b_services,email,promo,1.3,0.1928,1,6,0.2215,30,6,0.1719,0.3568,,2025-04-05 10:45:00,0
B2C,154,37.23,5.88,3,0,0.3045,electronics,email,promo,38.38,0.1946,0,2,0.2486,14,2,0.1621,0.5373,44.0,2025-01-12 10:05:00,0
B2C,373,40.67,9.06,7,66,0.1783,fashion,email,reactivation,12.05,0.123,1,1,0.137,24,0,0.2198,0.7919,51.0,2025-06-30 14:45:00,0
B2C,227,34.28,9.32,6,33,0.2079,retail,messenger,reminder,38.26,0.2516,1,1,0.1582,5,3,0.2196,0.4263,27.0,2025-05-19 12:35:00,1
B2C,617,20.6,6.39,14,52,0.196,pet_care,messenger,loyalty,16.3,0.0554,0,3,0.0492,10,2,0.091,0.5033,29.0,2025-05-04 12:30:00,0
B2C,284,16.96,5.55,3,40,0.2222,fashion,email,cross_sell,51.72,0.0874,0,0,0.0812,3,5,0.1223,0.2867,44.0,2025-12-23 15:55:00,0
B2C,1106,48.13,5.27,9,72,0.0914,fmcg,sms,cross_sell,42.93,0.1913,0,4,0.2094,10,6,0.3287,0.6032,25.0,2025-12-02 16:00:00,0
B2B,975,156.61,12.64,30,26,0.2578,retail,email,loyalty,16.83,0.1219,0,2,0.0,15,6,0.0803,0.7133,,2025-10-01 16:50:00,0
B2C,579,29.55,9.56,13,20,0.3388,home_goods,sms,cross_sell,28.85,0.201,0,3,0.2528,12,1,0.2678,0.5997,37.0,2025-08-18 13:20:00,0
B2C,137,48.57,10.4,3,33,0.3661,beauty,sms,promo,26.6,0.1692,1,3,0.2466,12,2,0.0363,0.075,39.0,2025-08-05 15:50:00,1
B2C,176,50.11,3.82,1,63,0.2786,fmcg,messenger,promo,22.86,0.0561,0,1,0.0363,19,2,0.0,0.6123,66.0,2025-03-09 17:30:00,0
B2B,393,190.45,7.46,3,29,0.2049,office_supplies,call,promo,14.27,0.0376,1,8,0.1393,10,2,0.044,0.3308,,2025-06-15 11:35:00,1
B2C,267,54.66,10.53,7,45,0.2431,pharma,messenger,reminder,41.75,0.117,0,5,0.0862,2,0,0.0072,0.1691,22.0,2025-11-06 13:20:00,0
B2C,328,79.9,9.18,7,46,0.3706,beauty,email,loyalty,30.45,0.0646,0,5,0.0341,9,2,0.0059,0.682,41.0,2025-09-11 08:35:00,1
B2B,626,257.88,11.66,11,63,0.2002,retail,call,seasonal,22.55,0.0558,0,7,0.0199,20,4,0.0664,0.7086,,2025-02-21 11:50:00,0
B2B,716,120.0,13.5,21,15,0.1681,b2b_services,email,promo,10.56,0.3382,0,4,0.2721,27,3,0.2655,0.2518,,2025-06-28 10:00:00,1
B2C,400,79.93,12.98,13,58,0.2466,home_goods,messenger,loyalty,32.6,0.1223,1,1,0.0594,24,1,0.0,0.6067,28.0,2025-08-23 13:10:00,0
B2C,747,48.8,10.89,19,24,0.2734,home_goods,sms,promo,15.4,0.1581,1,7,0.1543,17,1,0.1717,0.4364,33.0,2025-08-31 17:05:00,0
B2C,163,34.1,7.71,4,0,0.2025,fashion,messenger,onboarding,21.36,0.2096,0,2,0.1292,24,0,0.1554,0.4409,32.0,2025-09-16 13:15:00,0
B2C,218,73.32,4.86,3,27,0.2156,retail,sms,promo,37.43,0.0071,1,2,0.0842,5,3,0.0,0.0166,18.0,2025-03-02 14:40:00,0
B2C,407,45.5,8.93,10,37,0.0982,fashion,sms,cross_sell,29.38,0.1872,0,5,0.2929,10,4,0.1614,0.1279,36.0,2025-09-07 11:50:00,1
B2B,970,187.91,12.35,38,20,0.2822,office_supplies,messenger,cross_sell,15.36,0.2855,0,4,0.2592,15,2,0.3129,0.4625,,2025-06-04 19:30:00,0
B2B,200,240.9,7.22,3,86,0.0627,b2b_services,call,reactivation,0.0,0.076,0,2,0.0,25,1,0.158,0.6117,,2025-08-25 09:25:00,0
B2C,586,49.47,2.69,5,131,0.0522,beauty,sms,seasonal,6.37,0.0,1,3,0.1086,9,3,0.0,0.1776,46.0,2025-01-24 18:15:00,0
B2C,904,58.04,9.88,34,33,0.2016,retail,sms,reminder,8.38,0.1886,1,2,0.0873,26,3,0.1983,0.2905,58.0,2025-05-11 12:05:00,0
B2C,296,35.83,12.76,11,0,0.2559,retail,sms,promo,25.64,0.1759,0,5,0.0915,14,1,0.0571,0.7565,23.0,2025-09-20 12:45:00,1
B2C,766,29.56,8.88,20,86,0.263,beauty,messenger,promo,28.48,0.1567,0,5,0.1314,10,2,0.2238,0.3709,18.0,2025-04-09 12:40:00,1
B2C,302,19.53,6.86,8,54,0.3413,beauty,email,reactivation,10.23,0.0021,0,4,0.0623,10,2,0.0,0.4141,62.0,2025-12-31 11:25:00,0
B2C,113,75.16,4.67,1,71,0.0591,electronics,email,onboarding,3.15,0.0,1,0,0.0,16,3,0.0,0.2136,49.0,2025-05-15 12:40:00,1
B2B,1128,120.0,11.53,33,5,0.3145,b2b_services,messenger,cross_sell,24.84,0.1279,0,10,0.0,7,3,0.1571,0.1972,,2025-09-25 16:45:00,0
B2B,544,233.34,12.42,18,30,0.233,electronics,email,seasonal,0.0,0.177,0,9,0.2126,40,1,0.2143,0.1593,,2025-10-13 13:25:00,0
B2B,396,190.13,12.97,12,13,0.3296,office_supplies,email,promo,39.58,0.154,0,3,0.0649,12,2,0.2028,0.2524,,2025-12-26 08:25:00,0
B2C,395,48.68,10.24,8,0,0.2279,pet_care,sms,onboarding,54.32,0.2352,0,1,0.192,6,5,0.1419,0.3466,47.0,2025-12-07 14:30:00,0
B2C,351,49.87,8.4,11,96,0.1405,retail,email,reactivation,25.04,0.0,1,2,0.0387,12,0,0.0,0.5213,30.0,2025-07-03 11:55:00,0
B2B,500,244.3,6.78,10,50,0.1624,office_supplies,email,promo,0.0,0.0,0,4,0.0747,26,3,0.0,0.0496,,2025-05-12 09:30:00,0
B2C,646,29.78,3.05,6,58,0.1259,pharma,sms,seasonal,16.65,0.2422,0,2,0.3339,25,1,0.1853,0.5311,39.0,2025-11-10 14:50:00,1
B2B,696,145.45,11.09,23,6,0.2968,electronics,email,loyalty,25.47,0.1488,0,1,0.2626,10,2,0.094,0.6981,,2025-12-21 17:20:00,0
B2C,263,45.75,13.44,10,29,0.221,pharma,email,seasonal,7.9,0.1832,0,5,0.0557,37,2,0.1679,0.3507,19.0,2025-01-18 14:35:00,0
B2C,310,36.52,9.24,9,138,0.0456,electronics,messenger,reactivation,17.73,0.0,1,1,0.0,9,1,0.1054,0.7023,52.0,2025-08-18 11:45:00,0
B2C,165,47.2,11.2,5,4,0.3154,home_goods,messenger,onboarding,38.63,0.2322,0,2,0.3154,17,3,0.2223,0.2523,41.0,2025-11-26 11:40:00,0
B2B,1460,120.0,10.69,26,0,0.1577,home_goods,sms,onboarding,11.01,0.0902,0,3,0.0459,7,3,0.0532,0.4229,,2025-03-27 12:55:00,0
B2C,59,58.35,7.59,2,3,0.1599,electronics,email,cross_sell,26.06,0.3218,0,1,0.3369,5,2,0.3678,0.4821,36.0,2025-04-13 13:05:00,1
B2C,501,27.76,6.87,7,42,0.0603,beauty,messenger,promo,0.0,0.0211,1,2,0.0,39,1,0.0666,0.3513,25.0,2025-09-29 16:50:00,1
B2B,433,120.0,13.76,12,72,0.2932,electronics,email,reminder,21.23,0.1328,1,5,0.0,7,7,0.2856,0.096,,2025-08-26 10:30:00,0
B2C,473,33.57,9.66,12,0,0.3096,electronics,sms,cross_sell,36.01,0.1899,0,2,0.1162,22,3,0.1005,0.5664,39.0,2025-04-01 16:40:00,1
B2C,773,66.74,6.94,16,65,0.1977,fmcg,email,promo,16.4,0.0,1,5,0.0,30,4,0.0,0.6904,18.0,2025-03-09 16:35:00,0
B2C,181,36.27,3.43,1,68,0.0076,beauty,messenger,promo,0.0,0.0,0,4,0.0,29,2,0.0,0.4625,31.0,2025-06-13 15:20:00,0
B2B,427,184.62,15.49,16,0,0.2333,electronics,email,reminder,25.57,0.2104,0,4,0.2521,13,2,0.2822,0.4342,,2025-11-22 12:15:00,0
B2B,1404,376.59,10.65,46,57,0.2103,office_supplies,email,cross_sell,12.04,0.1242,1,3,0.1195,9,5,0.1484,0.5456,,2025-06-18 16:50:00,0
B2C,307,47.04,4.11,3,96,0.0,fmcg,messenger,reminder,0.0,0.1104,0,4,0.0989,41,1,0.152,0.2658,58.0,2025-12-11 14:05:00,0
B2B,2535,308.42,8.89,26,0,0.2924,pharma,messenger,loyalty,27.58,0.2235,0,11,0.195,27,3,0.2312,0.6303,,2025-01-04 11:55:00,0
B2C,487,41.79,11.42,15,60,0.1524,fashion,email,cross_sell,5.69,0.1007,0,5,0.1558,30,5,0.1951,0.2252,51.0,2025-07-26 13:00:00,0
B2B,520,176.51,16.3,23,12,0.2317,electronics,call,cross_sell,19.95,0.3569,1,1,0.3311,9,2,0.3819,0.4691,,2025-07-29 12:40:00,0
B2C,411,32.87,0.58,1,208,0.0041,pharma,call,onboarding,17.52,0.0,1,6,0.0,15,1,0.0,0.4966,21.0,2025-11-07 17:25:00,0
B2C,407,44.64,12.06,16,16,0.2399,retail,sms,promo,37.28,0.1676,0,3,0.0601,18,0,0.0948,0.3526,34.0,2025-04-11 17:30:00,1
B2C,694,43.44,6.16,14,33,0.2563,beauty,email,reminder,32.14,0.1194,1,4,0.1434,18,1,0.0519,0.4487,25.0,2025-06-30 11:35:00,0
B2C,413,52.43,8.03,11,57,0.2036,home_goods,email,reminder,34.72,0.1392,1,4,0.1117,6,2,0.2101,0.2011,48.0,2025-07-24 11:10:00,0
B2C,107,21.51,6.77,2,33,0.2289,fmcg,messenger,reminder,7.47,0.071,1,4,0.0653,18,1,0.1025,0.8874,47.0,2025-09-29 12:05:00,0
B2C,458,29.89,3.04,3,17,0.1289,retail,messenger,promo,20.45,0.0306,0,5,0.0,4,2,0.1178,0.4005,32.0,2025-02-17 18:05:00,0
B2C,451,22.13,1.01,1,124,0.2917,retail,call,onboarding,27.1,0.051,1,1,0.09,8,9,0.0629,0.7891,32.0,2025-08-19 11:05:00,0
B2C,310,32.12,6.59,7,28,0.198,electronics,messenger,promo,27.65,0.2793,0,7,0.3081,10,4,0.229,0.4298,60.0,2025-08-30 15:10:00,0
B2C,288,37.02,6.12,4,154,0.1256,pharma,email,cross_sell,2.45,0.0,0,3,0.0372,12,2,0.0,0.4279,47.0,2025-07-11 17:35:00,0
B2B,516,237.12,16.46,24,92,0.2422,retail,call,loyalty,13.98,0.2004,0,6,0.2267,7,2,0.125,0.7182,,2025-03-16 12:50:00,1
B2B,709,314.75,11.84,24,34,0.2214,retail,email,loyalty,3.01,0.2492,0,6,0.3583,26,2,0.1421,0.8129,,2025-04-20 16:00:00,0
B2C,317,20.92,6.31,6,59,0.2145,electronics,email,seasonal,26.07,0.1927,1,3,0.345,14,4,0.2022,0.5466,31.0,2025-11-01 08:10:00,1
B2C,389,52.79,11.89,18,49,0.264,beauty,email,loyalty,24.05,0.1633,0,4,0.1952,9,3,0.1852,0.3191,38.0,2025-06-04 15:25:00,1
B2C,897,38.76,8.53,23,0,0.334,fashion,email,cross_sell,28.03,0.2837,0,4,0.4112,9,3,0.3235,0.3788,23.0,2025-08-04 17:10:00,1
B2B,872,124.12,8.44,17,45,0.0999,retail,messenger,promo,0.0,0.0874,1,5,0.1767,43,1,0.0543,0.5342,,2025-12-07 12:35:00,0
B2C,575,52.43,6.71,11,81,0.2672,fashion,messenger,promo,27.55,0.0,0,1,0.0,3,5,0.0,0.6767,53.0,2025-03-20 10:45:00,0
B2C,626,74.09,3.33,5,123,0.1403,electronics,sms,cross_sell,7.66,0.0,1,3,0.0,12,1,0.0608,0.3756,20.0,2025-05-01 10:10:00,0
B2C,578,58.9,2.88,4,142,0.1389,home_goods,messenger,loyalty,8.99,0.0,0,7,0.042,11,0,0.0815,0.383,52.0,2025-06-21 17:55:00,0
B2C,394,43.94,3.15,3,85,0.0291,retail,sms,promo,23.4,0.1194,0,4,0.1131,11,1,0.0,0.4107,27.0,2025-08-08 16:05:00,0
B2C,1250,41.91,6.56,27,108,0.1896,fashion,messenger,reactivation,20.45,0.0486,0,5,0.0728,8,3,0.1105,0.8897,45.0,2025-09-12 19:05:00,1
B2B,545,139.65,9.92,15,29,0.2983,home_goods,messenger,reminder,34.87,0.1418,1,4,0.0,6,1,0.1629,0.2936,,2025-05-10 15:55:00,1
B2C,82,54.96,6.29,1,42,0.1827,pharma,email,onboarding,28.33,0.1776,1,2,0.1799,7,2,0.0519,0.3909,46.0,2025-07-30 11:25:00,0
B2C,278,31.31,9.73,8,59,0.2013,home_goods,email,reminder,27.15,0.2029,0,3,0.2626,16,1,0.2318,0.8401,33.0,2025-04-24 13:20:00,0
B2C,420,43.75,11.51,18,71,0.2233,home_goods,email,loyalty,18.2,0.1325,0,2,0.0797,19,3,0.0578,0.2742,35.0,2025-02-12 12:50:00,0
B2C,268,36.46,10.15,3,53,0.23,pharma,sms,reminder,24.25,0.0,1,1,0.0,4,2,0.0849,0.2221,47.0,2025-07-25 15:40:00,0
B2C,909,85.48,1.56,4,125,0.0,pharma,call,reactivation,14.36,0.0,1,8,0.0375,6,3,0.0773,0.7102,28.0,2025-12-13 11:40:00,0
B2C,1193,63.15,7.34,27,18,0.2591,pharma,email,onboarding,44.6,0.1222,1,5,0.1776,14,2,0.0888,0.4334,40.0,2025-08-06 12:10:00,0
B2C,599,32.24,10.84,20,55,0.3196,retail,sms,promo,25.33,0.1293,0,1,0.1803,7,3,0.2178,0.3983,35.0,2025-05-10 13:30:00,1
B2C,240,54.18,4.86,6,34,0.2427,beauty,sms,promo,27.42,0.1513,0,4,0.1741,5,3,0.0801,0.6719,18.0,2025-01-03 18:55:00,1
B2C,594,59.9,2.94,3,66,0.1897,beauty,call,promo,5.38,0.0712,0,3,0.1869,13,1,0.0358,0.8334,53.0,2025-04-06 16:25:00,1
B2C,236,33.9,7.54,5,47,0.1881,fashion,call,reactivation,35.32,0.1016,1,3,0.2232,3,1,0.1837,0.3466,45.0,2025-09-19 12:40:00,1
B2C,547,59.91,8.49,14,76,0.2833,fmcg,messenger,onboarding,23.97,0.0751,0,6,0.0,6,5,0.0073,0.2101,53.0,2025-04-20 15:10:00,0
B2C,1051,25.09,12.5,34,34,0.3112,beauty,sms,promo,29.03,0.1385,0,4,0.1223,27,3,0.1793,0.7073,18.0,2025-07-28 11:20:00,0
B2C,1120,42.08,6.45,18,36,0.1583,retail,messenger,promo,21.86,0.1681,0,7,0.1216,19,1,0.1885,0.8652,32.0,2025-10-02 12:20:00,0
B2C,430,62.83,8.17,9,19,0.1779,fmcg,call,reminder,11.72,0.1481,1,4,0.2622,25,2,0.109,0.7225,24.0,2025-12-07 13:50:00,0
B2C,161,82.21,2.5,2,97,0.1611,fashion,email,onboarding,21.92,0.048,1,4,0.1961,14,2,0.1241,0.3171,36.0,2025-04-25 11:15:00,0
B2C,192,32.47,1.44,1,140,0.0,home_goods,messenger,reactivation,0.0,0.0,1,3,0.0833,32,4,0.1486,0.517,43.0,2025-07-01 16:00:00,0
B2B,575,120.0,8.14,15,47,0.1729,retail,messenger,cross_sell,13.52,0.1591,1,2,0.19,3,1,0.168,0.1808,,2025-06-18 18:55:00,1
B2C,170,57.59,8.24,4,83,0.1061,fmcg,call,seasonal,9.98,0.11,1,2,0.1154,25,0,0.0506,0.5361,23.0,2025-01-13 09:15:00,0
B2C,848,100.86,6.46,17,70,0.097,home_goods,sms,cross_sell,15.17,0.0593,0,2,0.0711,17,2,0.0511,0.0625,18.0,2025-01-28 16:25:00,0
B2C,212,34.94,10.0,4,0,0.2467,fashion,messenger,cross_sell,14.37,0.1168,0,4,0.1129,27,1,0.1552,0.8384,54.0,2025-08-18 15:50:00,0
B2C,359,79.59,9.48,6,115,0.184,pharma,email,cross_sell,4.78,0.0028,0,4,0.0638,12,0,0.0284,0.25,52.0,2025-10-19 09:45:00,0
B2C,180,63.03,9.86,5,25,0.1856,electronics,email,loyalty,12.36,0.1062,0,2,0.067,38,2,0.1835,0.418,50.0,2025-04-08 14:35:00,0
B2C,148,36.27,10.42,6,79,0.1662,fashion,sms,reminder,20.76,0.1372,0,4,0.2514,14,3,0.1771,0.4364,52.0,2025-04-10 09:00:00,1
B2C,704,58.93,6.06,9,20,0.0582,pharma,messenger,cross_sell,16.79,0.0772,0,4,0.1783,29,4,0.1033,0.1895,64.0,2025-02-23 15:20:00,0
B2C,644,52.51,3.02,6,79,0.0511,fashion,sms,promo,19.29,0.0,0,2,0.055,12,4,0.0978,0.2972,42.0,2025-12-14 15:10:00,1
B2C,104,26.97,7.23,3,0,0.2769,beauty,email,promo,48.73,0.3557,0,1,0.4317,3,0,0.2995,0.4639,39.0,2025-11-19 11:20:00,0
B2C,460,40.1,8.72,12,11,0.1305,pharma,email,promo,20.22,0.0,0,1,0.0,20,4,0.0,0.0955,35.0,2025-04-30 11:55:00,0
B2B,696,305.09,11.21,22,14,0.1969,electronics,email,promo,31.48,0.2561,0,5,0.2459,9,3,0.1021,0.8482,,2025-04-01 10:40:00,0
B2C,488,36.73,1.97,2,106,0.1627,electronics,sms,reminder,27.79,0.0,1,6,0.0169,11,2,0.0053,0.3954,25.0,2025-04-28 13:15:00,0
B2C,981,54.3,4.79,13,148,0.1247,home_goods,messenger,reminder,15.36,0.0818,0,6,0.0361,10,1,0.1041,0.9472,36.0,2025-07-23 18:35:00,1
B2B,804,189.53,16.13,30,56,0.2161,electronics,email,loyalty,29.27,0.3554,0,4,0.3369,15,2,0.3936,0.4302,,2025-12-23 10:55:00,0
B2C,570,71.08,7.48,11,29,0.2871,retail,call,onboarding,32.62,0.0123,0,2,0.0,9,4,0.0347,0.4752,29.0,2025-04-19 12:30:00,0
B2C,607,44.91,9.84,16,46,0.2357,electronics,email,loyalty,9.45,0.0793,0,2,0.1757,17,1,0.0574,0.8487,41.0,2025-09-17 13:00:00,0
B2C,291,69.4,4.22,3,39,0.373,pharma,email,seasonal,55.18,0.1089,0,2,0.102,3,2,0.2296,0.5189,35.0,2025-01-13 09:35:00,1
B2C,62,70.61,7.3,2,0,0.1542,home_goods,sms,onboarding,8.9,0.0902,1,3,0.0443,18,1,0.2333,0.2364,42.0,2025-11-19 09:50:00,0
B2C,315,90.67,12.31,8,79,0.3774,pet_care,messenger,reminder,38.28,0.1014,0,5,0.105,0,1,0.2257,0.5908,38.0,2025-01-11 17:10:00,0
B2C,246,48.24,4.94,4,86,0.1717,retail,sms,promo,25.49,0.0774,0,4,0.2086,7,0,0.0246,0.2235,42.0,2025-01-15 16:15:00,1
B2C,175,30.42,12.72,6,24,0.1615,home_goods,email,cross_sell,24.26,0.2009,0,5,0.0575,12,3,0.3523,0.4018,47.0,2025-11-03 08:00:00,0
B2C,281,29.96,7.77,6,82,0.0699,beauty,messenger,loyalty,0.0,0.0,0,0,0.0,40,1,0.1038,0.3173,38.0,2025-11-05 12:20:00,0
B2C,1167,65.97,0.5,1,166,0.0,fmcg,email,seasonal,1.94,0.0,0,6,0.062,47,5,0.0,0.5519,35.0,2025-03-28 11:20:00,0
B2C,218,56.69,8.07,5,74,0.0098,pharma,sms,reactivation,23.13,0.1708,1,3,0.2275,12,1,0.0036,0.4024,43.0,2025-04-03 18:30:00,0
B2C,323,54.87,5.74,5,23,0.1749,beauty,email,promo,0.0,0.1288,1,3,0.1475,34,4,0.0845,0.2314,45.0,2025-06-26 10:55:00,0
B2C,1225,51.08,5.84,17,37,0.1864,fmcg,sms,seasonal,41.11,0.1269,1,8,0.1603,8,6,0.1484,0.1259,27.0,2025-10-06 12:10:00,0
B2C,278,24.01,4.05,3,106,0.1412,retail,messenger,loyalty,9.13,0.0,0,6,0.0237,18,2,0.1838,0.3396,48.0,2025-12-17 13:35:00,0
B2C,456,71.76,6.26,8,18,0.1389,home_goods,messenger,reminder,19.2,0.0,0,2,0.0939,15,4,0.0,0.1697,27.0,2025-05-07 15:25:00,0
B2B,491,120.0,8.47,9,41,0.1805,retail,call,cross_sell,0.0,0.0994,0,4,0.0458,21,2,0.0,0.3951,,2025-10-27 14:05:00,0
B2C,544,25.67,7.52,12,13,0.0933,fmcg,call,promo,5.29,0.2023,1,7,0.2571,33,2,0.1922,0.6814,39.0,2025-01-03 17:05:00,1
B2C,313,49.53,6.14,4,60,0.1947,fashion,messenger,seasonal,16.2,0.0479,1,9,0.048,19,2,0.0496,0.698,47.0,2025-12-02 10:50:00,0
B2C,362,71.21,11.36,14,67,0.3853,beauty,email,promo,53.31,0.2462,1,2,0.2702,3,1,0.398,0.7977,35.0,2025-12-23 17:45:00,0
B2C,299,52.37,8.33,6,37,0.1172,fashion,sms,promo,0.32,0.0,0,3,0.0,29,5,0.0,0.3259,26.0,2025-08-24 14:55:00,1
B2C,1124,31.07,9.44,30,17,0.1821,beauty,email,reminder,0.0,0.0192,1,2,0.0615,58,2,0.0,0.5104,30.0,2025-03-20 11:05:00,0
B2C,301,57.89,8.99,8,86,0.213,home_goods,sms,reactivation,44.11,0.1226,0,6,0.2258,8,1,0.2914,0.2768,52.0,2025-12-25 17:20:00,1
B2B,855,217.31,14.35,29,39,0.2126,office_supplies,email,reminder,0.0,0.2041,0,6,0.2227,7,4,0.1654,0.0271,,2025-08-26 11:45:00,0
B2B,1782,152.85,13.26,61,2,0.245,office_supplies,email,promo,35.71,0.1165,0,8,0.0917,8,4,0.0738,0.289,,2025-10-06 13:00:00,0
B2C,328,36.85,11.76,13,30,0.1319,retail,messenger,seasonal,15.65,0.1131,1,1,0.1805,38,1,0.069,0.5636,40.0,2025-05-11 13:55:00,1
B2B,615,120.0,14.36,30,22,0.3629,electronics,call,cross_sell,19.89,0.2238,0,5,0.2425,19,3,0.0906,0.1559,,2025-05-16 15:50:00,1
B2C,148,59.97,2.37,2,95,0.1333,pet_care,messenger,reactivation,36.3,0.1868,1,3,0.1705,2,5,0.2221,0.3038,53.0,2025-12-08 13:30:00,1
B2C,807,54.34,12.25,36,59,0.4238,home_goods,messenger,onboarding,57.71,0.2622,0,6,0.305,7,0,0.2243,0.7112,38.0,2025-02-07 16:25:00,1
B2C,295,58.93,9.96,7,95,0.2188,pharma,email,seasonal,32.7,0.0426,1,3,0.0,10,2,0.0801,0.3317,49.0,2025-12-01 14:55:00,0
B2C,364,40.58,7.48,8,29,0.2534,beauty,sms,seasonal,20.22,0.0712,0,2,0.2098,23,4,0.1936,0.4904,44.0,2025-10-10 16:15:00,1
B2C,525,55.54,10.03,14,57,0.3823,electronics,call,reactivation,22.31,0.0555,1,1,0.1302,23,2,0.0653,0.1851,40.0,2025-01-31 15:55:00,1
B2C,172,37.22,7.25,3,67,0.1017,beauty,sms,reminder,21.1,0.0,1,1,0.0189,7,1,0.0579,0.2938,28.0,2025-02-15 17:45:00,1
B2C,324,18.5,4.57,4,52,0.1745,pet_care,messenger,reactivation,15.89,0.1163,1,0,0.1545,8,4,0.1928,0.4543,59.0,2025-10-06 14:10:00,0
B2C,240,70.6,3.87,2,46,0.2715,fmcg,sms,onboarding,41.43,0.1737,0,4,0.3213,11,3,0.2305,0.2966,18.0,2025-08-18 12:55:00,0
